coords_xyz,name,ULS_v_x_max,ULS_v_y_max,ULS_m_xD+_max,ULS_m_xD-_max,ULS_m_yD+_max,ULS_m_yD-_max,ULS_Mx,ULS_My,SLS_kar_v_x_max,SLS_kar_v_y_max,SLS_kar_m_xD+_max,SLS_kar_m_xD-_max,SLS_kar_m_yD+_max,SLS_kar_m_yD-_max,SLS_kar_Mx,SLS_kar_My,SLS_freq_v_x_max,SLS_freq_v_y_max,SLS_freq_m_xD+_max,SLS_freq_m_xD-_max,SLS_freq_m_yD+_max,SLS_freq_m_yD-_max,SLS_freq_Mx,SLS_freq_My
"('0', '11.5', '0')",1-1,646398.3801253793,192812.08829800243,-660826.4907823947,0.0,-72635.09769680745,0.0,660826.4907823947,0.0,587634.8785116015,175283.71300724644,-600751.342652229,0.0,-66031.90556654903,0.0,600751.342652229,0.0,480781.46756336174,147480.0569160724,-499090.2830119029,0.0,-53122.833713517655,0.0,499090.2830119029,0.0
"('0', '10.5', '0')",1-1,569172.7758613535,14266.699846967766,-642275.2821947143,0.0,-132964.3777141172,0.0,642275.2821947143,0.0,517429.7854231024,12969.726891398,-583886.6079826871,0.0,-120876.70448178984,0.0,583886.6079826871,0.0,431265.85359254933,11878.49242274924,-487219.66663889727,0.0,-100629.66399986508,0.0,487219.66663889727,0.0
"('1', '10.5', '0')",1-1,355315.57062477584,15025.637944669295,-267792.58530790615,0.0,-67207.62555947271,0.0,267792.58530790615,0.0,323014.14836396393,13659.67057871924,-243447.79970663405,0.0,-61097.84011980569,0.0,243447.79970663405,0.0,269278.1114398426,11617.836313215024,-201745.10793631256,0.0,-50149.38090688025,0.0,201745.10793631256,0.0
"('1', '11.5', '0')",1-1,512132.9416812,63483.245980153646,-290923.9937018893,0.0,-33007.22341423491,19896.501721320557,290923.9937018893,19896.501721320557,465575.391696052,57712.04056881627,-264476.3523472734,0.0,-30006.566089838743,18087.72844304172,264476.3523472734,18087.72844304172,384209.6498924624,47168.770208052665,-218962.0071963942,0.0,-23962.96201112893,14427.633009703852,218962.0071963942,14427.633009703852
"('2', '10.5', '0')",1-1,215325.6675137275,13537.202317489322,-32400.61064157724,164344.3494906844,-31096.869153544438,38815.746482024624,164344.3494906844,38815.746482024624,195750.60272943293,12306.5472946167,-29455.09994482994,149403.9509057569,-28269.880435943604,35287.04150755553,149403.9509057569,35287.04150755553,162687.6275483646,7610.368771041507,-21732.815185587715,122280.77522116044,-22598.28551032515,28956.596826843608,122280.77522116044,28956.596826843608
"('2', '11.5', '0')",1-1,452261.0696985968,37669.672230938806,-37904.74984085232,190908.9036604692,-33751.577563122744,61279.02646382339,190908.9036604692,61279.02646382339,411146.4183140062,34245.155831336975,-34458.8627448082,173553.54509035515,-30683.251645013715,55708.20469897555,173553.54509035515,55708.20469897555,339012.2470194944,27182.234130509027,-26294.16642970424,141947.3411650201,-23707.625936639382,45952.53071664288,141947.3411650201,45952.53071664288
"('3', '10.5', '0')",1-1,130513.70069424152,13593.218441521432,0.0,320554.94465535553,0.0,48011.05914057885,320554.94465535553,48011.05914057885,118648.8163114204,12357.471042633057,0.0,291413.5799231018,0.0,43646.416484803594,291413.5799231018,43646.416484803594,97922.65460421958,5331.8310725860265,0.0,241373.6699820671,0.0,36184.726845574405,241373.6699820671,36184.726845574405
"('3', '11.5', '0')",1-1,300493.8196045278,34369.03700448462,0.0,363326.03955674486,0.0,51246.74323346051,363326.03955674486,51246.74323346051,273176.1938393296,31244.57841777801,0.0,330296.3926405085,0.0,46587.947407201194,330296.3926405085,46587.947407201194,223864.8063824946,24794.54359104843,0.0,273113.34012815217,0.0,38331.07825407231,273113.34012815217,38331.07825407231
"('4', '10.5', '0')",1-1,-59325.667429623136,13565.199135875677,0.0,354685.7027821237,0.0,36135.89425370863,354685.7027821237,36135.89425370863,-53932.42376706723,12331.998947143557,0.0,322441.54122137406,0.0,32850.812274907505,322441.54122137406,32850.812274907505,-43146.32966269203,4222.308160883924,0.0,267765.23969604325,0.0,27447.26636132179,267765.23969604325,27447.26636132179
"('4', '11.5', '0')",1-1,-142822.26443998254,28627.0189403668,0.0,397055.27911663713,0.0,25335.651508387866,397055.27911663713,25335.651508387866,-129838.41940399402,26024.56210899353,0.0,360959.3370624792,0.0,23032.409972763693,360959.3370624792,23032.409972763693,-103870.56178722848,20432.786490140912,0.0,299001.94828134583,0.0,18852.44405653067,299001.94828134583,18852.44405653067
"('5', '10.5', '0')",1-1,-130959.19658860496,13674.46357534719,0.0,317037.34745106817,0.0,48241.24353029543,317037.34745106817,48241.24353029543,-119053.81257024546,12431.330253601074,0.0,288215.76435215125,0.0,43855.675016374014,288215.76435215125,43855.675016374014,-98247.13525484216,5119.053048910533,0.0,238813.74695124404,0.0,36352.73693409258,238813.74695124404,36352.73693409258
"('5', '11.5', '0')",1-1,-303725.09163939976,33532.79854126839,0.0,358596.44725364813,0.0,51074.88624634248,358596.44725364813,51074.88624634248,-276113.7138073624,30484.361649513245,0.0,325996.7633672488,0.0,46431.7137859347,325996.7633672488,46431.7137859347,-226214.4263935799,24186.273604803588,0.0,269672.0561102111,0.0,38207.85654842031,269672.0561102111,38207.85654842031
"('6', '10.5', '0')",1-1,-215011.81034513583,13577.23544671395,-31785.03715825052,160635.86496994272,-32330.11324517754,38480.59459598623,160635.86496994272,38480.59459598623,-195465.2780368976,12342.941047668455,-28895.487699389458,146032.6014145183,-29391.01140403748,34982.3579813972,146032.6014145183,34982.3579813972,-162458.9809734455,7613.58681607716,-21284.745204326093,119585.47626357112,-23497.793585134637,28711.64721266841,119585.47626357112,28711.64721266841
"('6', '11.5', '0')",1-1,-456826.01513144927,37667.436915424434,-37521.714814153886,187341.3547707672,-35202.607826430176,63191.42609255905,187341.3547707672,63191.42609255905,-415296.3686175607,34243.12372636795,-34110.64909172058,170310.31889728474,-32002.370064386832,57446.74977832602,170310.31889728474,57446.74977832602,-342331.8411146265,27180.309089208546,-26016.78879839544,139353.5039797452,-25892.29153365377,47344.082399031264,139353.5039797452,47344.082399031264
"('7', '10.5', '0')",1-1,-359024.21080613823,16030.18332681668,-271430.6329347619,0.0,-67867.45595239119,0.0,271430.6329347619,0.0,-326385.63936485467,14572.893633605105,-246755.1156593642,0.0,-61697.68591854847,0.0,246755.1156593642,0.0,-271974.12452732254,12348.746854553498,-204390.4588914392,0.0,-50630.370688334806,0.0,204390.4588914392,0.0
"('7', '11.5', '0')",1-1,-518246.37476553686,68594.45860012126,-295328.13694989943,0.0,-32756.26725206139,20446.756200726497,295328.13694989943,20446.756200726497,-471133.0580158992,62358.59739534816,-268480.11884959415,0.0,-29778.424129171297,18587.95977980863,268480.11884959415,18587.95977980863,-388655.9348151207,50885.282552773286,-222168.80596668887,0.0,-23780.78451039284,14925.282160426195,222168.80596668887,14925.282160426195
"('8', '10.5', '0')",1-1,-574818.1246607284,14325.511688299852,-646430.3439542705,0.0,-132462.1648348444,0.0,646430.3439542705,0.0,-522561.9205840254,13023.192200541069,-587663.9367731394,0.0,-120420.14732871018,0.0,587663.9367731394,0.0,-435369.94502078416,11920.155333914145,-490243.1585341788,0.0,-100263.05502269045,0.0,490243.1585341788,0.0
"('8', '11.5', '0')",1-1,-685243.3668591409,191760.54394569277,-657188.2262920642,0.0,-76924.4109657783,0.0,657188.2262920642,0.0,-622948.5020496187,174327.76361677545,-597443.8295508897,0.0,-69931.28118109675,0.0,597443.8295508897,0.0,-509033.4041956664,146714.8871897257,-496444.9249028725,0.0,-56232.97093883791,0.0,496444.9249028725,0.0
"('0', '9.5', '0')",1-1,488711.361197864,-58001.52888438022,-578964.8762999827,0.0,-129502.92789371236,0.0,578964.8762999827,0.0,444283.04634368175,-52728.66149316724,-526331.6947762779,0.0,-117729.93199528471,0.0,526331.6947762779,0.0,369885.193667544,-42911.61996071288,-440712.46806438966,0.0,-98451.5597796724,0.0,440712.46806438966,0.0
"('1', '9.5', '0')",1-1,356581.7625060874,-29058.269295849987,-245730.7369069888,0.0,-73247.38198702809,0.0,245730.7369069888,0.0,324165.2318726791,-26416.60787820816,-223391.57432014783,0.0,-66588.52767208253,0.0,223391.57432014783,0.0,270351.40721582464,-21044.379350437448,-185530.37916436023,0.0,-54932.67459447144,0.0,185530.37916436023,0.0
"('2', '9.5', '0')",1-1,262993.3730606184,-17444.516562835008,-26120.078277624256,146340.83717733785,-26531.71020030346,46174.496371772,146340.83717733785,46174.496371772,239084.87958834931,-15858.651077032087,-23745.525192260742,133037.12188162986,-24119.736022949215,41976.81398367556,133037.12188162986,41976.81398367556,198585.0665306296,-12636.848815500884,-16985.939034723437,108981.3834755284,-19166.739467584895,34021.23606125853,108981.3834755284,34021.23606125853
"('3', '9.5', '0')",1-1,161790.05739500542,-15772.249946873017,0.0,293000.36187807063,0.0,65591.19392628764,293000.36187807063,65591.19392628764,147081.86725369943,-14338.408736206484,0.0,266363.959753274,0.0,59628.35685602328,266363.959753274,59628.35685602328,121222.41040384176,-11615.431488430537,0.0,220994.63530508944,0.0,49090.70314685332,220994.63530508944,49090.70314685332
"('4', '9.5', '0')",1-1,-74821.22084912546,-14439.896098063848,0.0,326300.8572555635,0.0,59435.54117286919,326300.8572555635,59435.54117286919,-68019.29020674474,-13127.177991893794,0.0,296637.1367528975,0.0,54032.30902524813,296637.1367528975,54032.30902524813,-54415.96543559543,-10686.176279631272,0.0,246901.3439321535,0.0,44805.96516059536,246901.3439321535,44805.96516059536
"('5', '9.5', '0')",1-1,-162647.26575075477,-15383.98615321459,0.0,290833.5426299107,0.0,65537.76095064793,290833.5426299107,65537.76095064793,-147861.14756021753,-13985.441658712816,0.0,264394.12411582377,0.0,59579.78142467638,264394.12411582377,59579.78142467638,-121846.67043510205,-11332.87239857868,0.0,219416.37234258285,0.0,49052.31557948887,219416.37234258285,49052.31557948887
"('6', '9.5', '0')",1-1,-263461.06743196526,-17441.524375222463,-25465.095240678456,144645.99190707924,-27093.67695480859,45791.00116323128,144645.99190707924,45791.00116323128,-239510.05628035832,-15855.930906534197,-23150.08608067036,131496.35348751728,-24630.614879608154,41628.18198346766,131496.35348751728,41628.18198346766,-198925.16198572068,-12634.128601038605,-16510.603883617077,107747.93014328807,-19576.896137864533,33741.05442475517,107747.93014328807,33741.05442475517
"('7', '9.5', '0')",1-1,-360374.9216818489,-30888.31439538682,-248388.314941847,0.0,-74270.21384444823,0.0,248388.314941847,0.0,-327613.55832135805,-28080.285205364227,-225807.55429947216,0.0,-67518.37479503786,0.0,225807.55429947216,0.0,-273107.4930467659,-22374.90468233709,-187460.72245197344,0.0,-55676.15532037772,0.0,187460.72245197344,0.0
"('8', '9.5', '0')",1-1,-502666.14687964006,-58004.97554363842,-582340.2750911003,0.0,-130212.689171337,0.0,582340.2750911003,0.0,-456969.2148703312,-52731.794819697694,-529400.2390653304,0.0,-118375.16950641292,0.0,529400.2390653304,0.0,-380027.7997578728,-42914.671202020254,-443170.4309427946,0.0,-98969.14079938723,0.0,443170.4309427946,0.0
"('0', '8.5', '0')",1-1,502386.3837037283,-39786.81538807278,-522796.0074230636,0.0,-105919.48764481212,0.0,522796.0074230636,0.0,456714.884709254,-36169.831388684266,-475269.0878033594,0.0,-96290.44131550052,0.0,475269.0878033594,0.0,379513.7031820916,-29062.730300917465,-399342.57072344114,0.0,-80857.50181884866,0.0,399342.57072344114,0.0
"('1', '8.5', '0')",1-1,332074.10644616385,-25118.941654666425,-229374.9450965865,0.0,-64394.27295077308,165.4088191303972,229374.9450965865,165.4088191303972,301885.5450217276,-22835.401013398903,-208522.6729957717,0.0,-58540.24690118616,150.37165049568875,208522.6729957717,150.37165049568875,252182.33315749545,-18484.601087427884,-173531.08517588483,0.0,-48307.85681207904,0.0,173531.08517588483,0.0
"('2', '8.5', '0')",1-1,247198.8110962048,13310.813967245573,-24784.161462642085,140025.64230538957,-25588.71949459247,59471.36472215869,140025.64230538957,59471.36472215869,224726.18720212908,12100.739707946776,-22531.055386781693,127296.03575771795,-23262.47176361084,54064.87585936529,127296.03575771795,54064.87585936529,186935.07325824923,9629.83555834915,-16012.193233899028,104305.261405619,-18380.982308476552,43716.196210195856,104305.261405619,43716.196210195856
"('3', '8.5', '0')",1-1,159399.9236486161,23523.340846749663,0.0,276958.925140037,-389.5501734979263,80479.67993248445,276958.925140037,80479.67993248445,144909.01844117843,21384.85485172272,0.0,251780.83576110195,-354.136513686049,73163.34384356203,251780.83576110195,73163.34384356203,119493.73025878212,17044.020967390188,0.0,209238.53702237803,0.0,60020.99292588604,209238.53702237803,60020.99292588604
"('4', '8.5', '0')",1-1,-79962.31799975056,26280.63669604033,0.0,307338.5233821092,0.0,74765.32444706753,307338.5233821092,74765.32444706753,-72693.01478783092,23891.48738765717,0.0,279398.6517867334,0.0,67968.47534084415,279398.6517867334,67968.47534084415,-58154.831035369134,19028.053387989657,0.0,233057.669876313,0.0,56160.778811829696,233057.669876313,56160.778811829696
"('5', '8.5', '0')",1-1,-161442.78126106248,23316.411255973268,0.0,274384.03329619806,-386.6178187302994,80367.04048120958,274384.03329619806,80367.04048120958,-146766.1616849681,21196.737046003345,0.0,249440.0250447113,-351.4707366823492,73060.94434462252,249440.0250447113,73060.94434462252,-120980.15321216844,16892.868625776093,0.0,207366.22019166584,0.0,59937.659165632496,207366.22019166584,59937.659165632496
"('6', '8.5', '0')",1-1,-248987.98599560163,13315.305145855487,-24574.53563021389,137549.16494937192,-25898.56985569367,59435.3672348062,137549.16494937192,59435.3672348062,-226352.7098026905,12104.822597503662,-22340.48645234108,125044.69275558936,-23544.153903961185,54032.15087157232,125044.69275558936,54032.15087157232,-188236.3740591939,9631.842959748492,-15861.677065969096,102502.18558429874,-18606.315111365264,43689.9667214359,102502.18558429874,43689.9667214359
"('7', '8.5', '0')",1-1,-334244.1623339768,-25389.6605788576,-232066.68889283595,0.0,-65105.674476259264,162.97073365917004,232066.68889283595,162.97073365917004,-303858.3230587988,-23081.509120965737,-210969.71275750565,0.0,-59186.9755467016,148.1552092062493,210969.71275750565,148.1552092062493,-253758.2330852116,-18681.910991001765,-175488.13180085487,0.0,-48822.53461307122,0.0,175488.13180085487,0.0
"('8', '8.5', '0')",1-1,-527390.7201484212,-39821.97205816537,-522305.5725842668,0.0,-105393.12127485622,0.0,522305.5725842668,0.0,-479446.09916628903,-36201.791997166634,-474823.2379595713,0.0,-95811.92644409397,0.0,474823.2379595713,0.0,-397692.53652838577,-29087.452807299826,-398984.7104251897,0.0,-80479.67512656022,0.0,398984.7104251897,0.0
"('0', '7.5', '0')",1-1,403021.7448038969,-42893.39077150804,-476954.9811545693,0.0,-101068.32702931527,0.0,476954.9811545693,0.0,366383.39676140016,-38993.990768054704,-433595.4284601221,0.0,-91880.29539705564,0.0,433595.4284601221,0.0,307379.493968321,-31327.979137854083,-365867.3965883525,0.0,-77317.4646868372,0.0,365867.3965883525,0.0
"('1', '7.5', '0')",1-1,290195.23834939214,-22334.37941426295,-210027.99152663728,0.0,-59777.31860974953,0.0,210027.99152663728,0.0,263813.84757782647,-20303.980848021187,-190934.5337662593,0.0,-54343.01577115472,0.0,190934.5337662593,0.0,221744.42808495127,-16356.832831946784,-159343.06792359907,0.0,-44842.664109922734,0.0,159343.06792359907,0.0
"('2', '7.5', '0')",1-1,212663.14471920911,32088.81150101772,-23269.36682696269,126731.23400387216,-26775.509857687284,49961.6818814439,126731.23400387216,49961.6818814439,193330.1275395602,29171.646186828613,-21153.96938419342,115210.21029149104,-24341.3720703125,45419.709831011685,115210.21029149104,45419.709831011685,161790.46763358187,23242.95889372156,-14898.893139974867,94631.71124216726,-19130.63140189296,36909.52473292305,94631.71124216726,36909.52473292305
"('3', '7.5', '0')",1-1,133405.273048526,43820.062533388606,0.0,250985.6017481316,0.0,68336.21678750047,250985.6017481316,68336.21678750047,121277.51840807284,39836.41962146759,0.0,228168.72409839477,0.0,62123.83213617001,228168.72409839477,62123.83213617001,100589.79663700685,31812.47639856003,0.0,190314.5417282676,0.0,51319.959035142616,190314.5417282676,51319.959035142616
"('4', '7.5', '0')",1-1,-58532.664878218566,47847.93880969584,0.0,278686.9373990287,0.0,60282.279299097354,278686.9373990287,60282.279299097354,-53211.51237232477,43498.12524783611,0.0,253351.75600233555,0.0,54802.07094907873,253351.75600233555,54802.07094907873,-42569.18223224061,34749.70593249916,0.0,212171.08485574444,0.0,45757.838193957934,212171.08485574444,45757.838193957934
"('5', '7.5', '0')",1-1,-133891.84031599955,43662.80293487206,0.0,247557.8314634561,0.0,69563.58415636522,247557.8314634561,69563.58415636522,-121719.85227800692,39693.45635318756,0.0,225052.5693616852,0.0,63239.6206291357,225052.5693616852,63239.6206291357,-100943.3680671632,31697.39257197763,0.0,187821.3848139978,0.0,52213.56504356396,187821.3848139978,52213.56504356396
"('6', '7.5', '0')",1-1,-212933.0188553075,32102.630343632907,-23262.65360426584,124681.20961447028,-27021.957850394625,50875.09613740572,124681.20961447028,50875.09613740572,-193575.4676579684,29184.208770751957,-21147.866454601288,113346.55179606486,-24565.41569519043,46250.086409342686,113346.55179606486,46250.086409342686,-161986.42420390816,23251.06747400413,-14896.555709940858,93139.76303885927,-19308.341411368525,37576.87442754621,93139.76303885927,37576.87442754621
"('7', '7.5', '0')",1-1,-292546.36538551986,-22713.640829477088,-212550.81130345535,0.0,-60685.31832006271,0.0,212550.81130345535,0.0,-265951.23574616143,-20648.763945288338,-193228.00624092965,0.0,-55168.47003536638,0.0,193228.00624092965,0.0,-223454.6569037469,-16634.863680041737,-161176.64179286908,0.0,-45501.2918963461,0.0,161176.64179286908,0.0
"('8', '7.5', '0')",1-1,-412774.2647106067,-43152.2238604616,-480449.26195847907,0.0,-100861.0379707386,0.0,480449.26195847907,0.0,-375249.32375715446,-39229.293571094255,-436772.047303916,0.0,-91691.850802434,0.0,436772.047303916,0.0,-314473.3835797105,-31514.235225982567,-368405.6240837838,0.0,-77171.04232939587,0.0,368405.6240837838,0.0
"('0', '6.5', '0')",1-1,355941.9356685578,-43295.60626282607,-431620.8638425112,0.0,-91769.92913371393,0.0,431620.8638425112,0.0,323583.57120267063,-39359.641207648245,-392382.5954307437,0.0,-83427.20658353898,0.0,392382.5954307437,0.0,273154.94124601,-31621.918240126302,-332795.26183738327,0.0,-70523.59598886172,0.0,332795.26183738327,0.0
"('1', '6.5', '0')",1-1,257624.47653192285,-22487.047764640854,-190505.27433244488,0.0,-56058.571246915584,0.0,190505.27433244488,0.0,234204.06474878508,-20442.77025528584,-173186.60942750337,0.0,-50962.33642303117,0.0,173186.60942750337,0.0,198042.48840076517,-16480.307290325694,-145054.10292638352,0.0,-42091.55108293575,0.0,145054.10292638352,0.0
"('2', '6.5', '0')",1-1,189739.26407441543,6383.619824392572,-19745.52266665637,112821.96160241892,-26754.244511652945,44624.48823121261,112821.96160241892,44624.48823121261,172490.2364951094,5803.290623664856,-17950.474762439728,102565.41747465488,-24322.039937973022,40567.715712099496,102565.41747465488,40567.715712099496,145082.49728401148,4572.916520975481,-12342.71219872015,84547.90009164675,-19046.191426983405,33145.45320512951,84547.90009164675,33145.45320512951
"('3', '6.5', '0')",1-1,117776.1421571458,16847.078570211546,0.0,223286.44745957,-1120.340345759864,59905.26182554584,223286.44745957,59905.26182554584,107069.21790493448,15315.525640964508,0.0,202987.67529064452,-1018.491201342856,54459.3277950762,202987.67529064452,54459.3277950762,89191.25839925489,12221.310671509214,0.0,170142.2720272071,0.0,45326.70588153717,170142.2720272071,45326.70588153717
"('4', '6.5', '0')",1-1,-49693.65609131863,19963.991458060325,0.0,249347.43287987183,0.0,50637.93845874361,249347.43287987183,50637.93845874361,-45176.050012943335,18149.082750320435,0.0,226679.47974303365,0.0,46034.4885597462,226679.47974303365,46034.4885597462,-36140.73019295233,14506.667749834967,0.0,190758.08848049009,0.0,38864.74950261771,190758.08848049009,38864.74950261771
"('5', '6.5', '0')",1-1,-118365.41248546966,17322.715005491307,0.0,221093.1170285393,-1151.2922207152567,60765.07690775377,221093.1170285393,60765.07690775377,-107604.9181917997,15747.922390937803,0.0,200993.73857837956,-1046.6292688742458,55240.97785286886,200993.73857837956,55240.97785286886,-89618.81721307366,12568.042153112914,0.0,168544.82523500454,0.0,45952.60195138297,168544.82523500454,45952.60195138297
"('6', '6.5', '0')",1-1,-190090.53258941424,7204.721590137405,-19581.180161877208,110268.10293660358,-27010.228453511056,42740.38226225988,110268.10293660358,42740.38226225988,-172809.57150182326,6549.746758162975,-17801.072488605976,100243.72782878036,-24554.75260734558,38854.892141085096,100243.72782878036,38854.892141085096,-145335.29254859767,5169.565291355941,-12223.578836828112,82688.12506238598,-19227.426242978967,31778.094824247648,82688.12506238598,31778.094824247648
"('7', '6.5', '0')",1-1,-260120.7160895064,-22771.226258768704,-192677.28286003252,0.0,-57038.63032217008,0.0,192677.28286003252,0.0,-236473.37338831145,-20701.114335257156,-175161.16259160402,0.0,-51853.29919940599,0.0,175161.16259160402,0.0,-199859.1315643428,-16691.14914000458,-146634.75952773483,0.0,-42800.853805059625,0.0,146634.75952773483,0.0
"('8', '6.5', '0')",1-1,-364220.6209126908,-43462.25106948518,-434280.2874483217,0.0,-92213.63215679397,0.0,434280.2874483217,0.0,-331109.6485342136,-39511.13648314568,-394800.25320180645,0.0,-83830.57295941445,0.0,394800.25320180645,0.0,-279186.51866663207,-31752.58089891502,-334726.01329944393,0.0,-70848.00234947365,0.0,334726.01329944393,0.0
"('0', '5.5', '0')",1-1,345426.5202112576,-44708.55330415232,-388775.1281257724,0.0,-82814.09332125878,0.0,388775.1281257724,0.0,314024.10281107086,-40644.138493580176,-353431.9274363968,0.0,-75285.53783872032,0.0,353431.9274363968,0.0,265474.2460124852,-32760.219014157607,-301457.3168449026,0.0,-63983.05753782184,0.0,301457.3168449026,0.0
"('1', '5.5', '0')",1-1,236626.58603228768,-22279.573207272744,-172621.20433984968,0.0,-52538.17537165909,979.5836127613288,172621.20433984968,979.5836127613288,215115.07379734263,-20254.15702678904,-156928.36433057158,0.0,-47761.976605671225,890.5305377540247,156928.36433057158,890.5305377540247,182711.7396935757,-16365.294737221007,-131982.9853540227,0.0,-39507.02320099156,0.0,131982.9853540227,0.0
"('2', '5.5', '0')",1-1,176061.43780997436,16762.06783145054,-15878.027482809308,102523.31870593368,-25834.26598695984,48780.5374401516,102523.31870593368,48780.5374401516,160055.8492495177,15238.243152856829,-14434.570126056671,93203.01504621495,-23485.69584274292,44345.94218795974,93203.01504621495,44345.94218795974,135068.2909732673,12147.021515466084,-9579.949101938088,77111.5821105857,-18351.895574247872,36308.08946080008,77111.5821105857,36308.08946080008
"('3', '5.5', '0')",1-1,110840.05999039624,29239.411446269794,0.0,200651.1162196107,-4038.188406141076,61744.409382930346,200651.1162196107,61744.409382930346,100763.68879788516,26581.28255813993,0.0,182410.10188109783,-3671.080289650637,56131.28008753129,182410.10188109783,56131.28008753129,84103.82065026574,21301.746643881943,0.0,153633.62088146608,-1311.4238343932402,46802.518088637225,153633.62088146608,46802.518088637225
"('4', '5.5', '0')",1-1,-48941.181622812655,33934.74104366883,0.0,226951.50200826715,-2750.5586814453222,51491.613339393065,226951.50200826715,51491.613339393065,-44491.98232912831,30849.76391870404,0.0,206319.54302487272,-2500.5078380259724,46810.55661866724,206319.54302487272,46810.55661866724,-35594.72012228744,24748.744393666027,0.0,174348.10217539227,-115.42690793182642,39580.891607059086,174348.10217539227,39580.891607059086
"('5', '5.5', '0')",1-1,-112104.71607478324,28979.45997178632,0.0,198920.82645642257,-4163.266154042386,62735.69949707498,198920.82645642257,62735.69949707498,-101913.3761224091,26344.96304100431,0.0,180837.11122138408,-3784.7873307327495,57032.45289903946,180837.11122138408,57032.45289903946,-85023.53088888801,21115.8406914752,0.0,152373.18361651382,-1408.34346890679,47518.26580514901,152373.18361651382,47518.26580514901
"('6', '5.5', '0')",1-1,-177194.21129186303,16738.965098392735,-16772.98726572866,99702.44392206176,-26263.190633097347,46523.90632434591,99702.44392206176,46523.90632434591,-161085.6433016417,15217.240668714046,-15248.169859928155,90638.58348009575,-23875.62733078003,42294.459399873806,90638.58348009575,42294.459399873806,-135888.367264454,12137.23568959267,-9991.199350957586,75052.37144337958,-18663.211174942044,34663.83432025544,75052.37144337958,34663.83432025544
"('7', '5.5', '0')",1-1,-238272.11791800556,-22549.172206989744,-174646.30402706834,0.0,-53572.24312964853,983.5830249790178,174646.30402706834,983.5830249790178,-216611.0118428444,-20499.247021219584,-158769.3640063223,0.0,-48702.03818346816,894.1663669640278,158769.3640063223,894.1663669640278,-183897.23166383148,-16560.73951251896,-133462.62909428068,0.0,-40262.06635185869,0.0,133462.62909428068,0.0
"('8', '5.5', '0')",1-1,-359681.98643839604,-44864.9458948223,-388904.5918559513,0.0,-82756.3225236063,0.0,388904.5918559513,0.0,-326983.61728212493,-40786.31357292588,-353549.62173400854,0.0,-75233.01893290186,0.0,353549.62173400854,0.0,-275818.4250681364,-32888.095766718834,-301534.5641100893,0.0,-63943.86518035761,0.0,301534.5641100893,0.0
"('0', '4.5', '0')",1-1,274142.72476991743,-44974.09788084255,-353835.53544095915,0.0,-77834.51373356176,0.0,353835.53544095915,0.0,249220.6538095548,-40885.54265304384,-321668.6620376509,0.0,-70758.64740095576,0.0,321668.6620376509,0.0,213471.4553544357,-33079.41181491977,-275701.4015518744,0.0,-60310.009358651165,0.0,275701.4015518744,0.0
"('1', '4.5', '0')",1-1,203987.08808583315,-21868.849001897222,-155937.54184368486,0.0,-50081.21851601184,0.0,155937.54184368486,0.0,185442.8035749719,-19880.771395514443,-141761.39875166985,0.0,-45528.3795128507,0.0,141761.39875166985,0.0,158803.52908857775,-16126.258281593357,-119777.87475223662,0.0,-37725.92381107372,0.0,119777.87475223662,0.0
"('2', '4.5', '0')",1-1,150109.76653384286,27293.213850022887,-11034.967119021132,78213.20112449306,-27972.406087673266,39285.01672238232,78213.20112449306,39285.01672238232,136463.42132360206,24812.012053975443,-10031.78807258606,71102.90863463745,-25429.45951759308,35713.65081804441,71102.90863463745,35713.65081804441,116043.6223454045,19879.784116529096,-6166.525267390193,59476.68588660665,-19875.031587022127,29550.106030011335,59476.68588660665,29550.106030011335
"('3', '4.5', '0')",1-1,90574.98441896804,40402.058141950816,0.0,177634.85180358327,-6612.2530113552975,48835.3068693992,177634.85180358327,48835.3068693992,82340.89322073864,36729.14297434537,0.0,161486.22559012487,-6011.138970944161,44395.732605355355,161486.22559012487,44395.732605355355,69281.75029795239,29550.118421322084,0.0,136794.87905426027,-3045.246237206697,37506.28129022962,136794.87905426027,37506.28129022962
"('4', '4.5', '0')",1-1,-31982.839105504638,45150.40638381002,0.0,203967.34082147255,-4526.162496882237,38136.3616896599,203967.34082147255,38136.3616896599,-29075.307647541165,41045.823102095404,0.0,185424.85148402923,-4114.693089800281,34669.41901943648,185424.85148402923,34669.41901943648,-23262.934469376414,33049.97793888393,0.0,157437.47787144507,-1380.0604035499791,29900.6998030366,157437.47787144507,29900.6998030366
"('5', '4.5', '0')",1-1,-90796.93465323273,40023.770591027045,0.0,175971.0135158344,-6877.0333201371,50359.304066394274,175971.0135158344,50359.304066394274,-82542.66615660595,36385.24520823209,0.0,159973.64536131933,-6251.848337346744,45781.18457259473,159973.64536131933,45781.18457259473,-69448.59813824514,29278.122603285177,0.0,135588.24467933504,-3204.4542893195585,38613.868938017215,135588.24467933504,38613.868938017215
"('6', '4.5', '0')",1-1,-150382.61889533233,27089.00967002925,-10141.868123957633,82007.06020440148,-27678.50522757388,40745.63215626198,82007.06020440148,40745.63215626198,-136711.46891957984,24626.37189436851,-9219.87991285324,74551.87135979997,-25162.27692329376,37041.4830018823,74551.87135979997,37041.4830018823,-116240.01701477352,19736.912761593405,-5523.368531639075,62230.56946952524,-19140.86615015376,30607.94885082198,62230.56946952524,30607.94885082198
"('7', '4.5', '0')",1-1,-205136.1987714832,-22223.61259677524,-157674.45245567223,0.0,-49454.94287415704,0.0,157674.45245567223,0.0,-186487.44963019347,-20203.28374750419,-143340.4083647069,0.0,-44959.03803259557,0.0,143340.4083647069,0.0,-159617.61226691693,-16378.237787140217,-121051.45017937748,0.0,-37278.467031576765,0.0,121051.45017937748,0.0
"('8', '4.5', '0')",1-1,-279526.0677683731,-45199.39745161325,-355769.7726553478,0.0,-77626.94421398235,0.0,355769.7726553478,0.0,-254114.6018838956,-41090.360440214245,-323427.05946716486,0.0,-70569.94784179171,0.0,323427.05946716486,0.0,-217340.85270859447,-33237.429514852825,-277080.68303489976,0.0,-60152.92498086077,0.0,277080.68303489976,0.0
"('0', '3.5', '0')",1-1,245989.80705924288,-44014.449815822845,-327873.18400161224,0.0,-70803.50355313747,0.0,327873.18400161224,0.0,223627.09279787284,-40013.135347596224,-298066.5248605912,0.0,-64366.820099361335,0.0,298066.5248605912,0.0,192613.02394333048,-32655.3946820258,-256263.5957627321,0.0,-55076.99111435151,0.0,256263.5957627321,0.0
"('1', '3.5', '0')",1-1,185313.2198934281,-18706.298080049437,-142132.37778144336,0.0,-45400.02328569865,0.0,142132.37778144336,0.0,168466.56012282026,-17005.725164435964,-129211.24987343264,0.0,-41272.747578062495,0.0,129211.24987343264,0.0,144928.9295921787,-13773.958866127978,-109645.00370995996,0.0,-34336.15417513998,0.0,109645.00370995996,0.0
"('2', '3.5', '0')",1-1,137132.75312704552,15353.605792315311,-9547.264226909425,63023.50183811392,-30878.586673872007,31709.907532895424,63023.50183811392,31709.907532895424,124666.13665825776,13957.82315076006,-8679.33092725277,57294.09140102036,-28071.441814749967,28827.18807015841,57294.09140102036,28827.18807015841,106426.99546023908,11365.834515124016,-5234.567230293984,48427.049682527984,-22102.008332474597,24101.45606442708,48427.049682527984,24101.45606442708
"('3', '3.5', '0')",1-1,81524.18545832657,28196.74885379443,0.0,159171.08563438506,-5772.030635216566,35278.132814132565,159171.08563438506,35278.132814132565,74112.89434129458,25633.40750497763,0.0,144700.98397638972,-5247.300463737432,32071.029185258794,144700.98397638972,32071.029185258794,62625.88325839571,20887.50902992067,0.0,123181.11196348089,-2663.4257125950744,27617.52195397009,123181.11196348089,27617.52195397009
"('4', '3.5', '0')",1-1,-25607.50248938017,33155.65960856631,0.0,187655.67596722476,-2771.1477929372977,25466.398947915863,187655.67596722476,25466.398947915863,-23279.547213047743,30141.50809544833,0.0,170596.0655656048,-2519.2252117038984,23151.27131925319,170596.0655656048,23151.27131925319,-18627.36871219747,24555.520937554407,0.0,145286.3934413664,-181.8148928012611,20592.90978459581,145286.3934413664,20592.90978459581
"('5', '3.5', '0')",1-1,-81649.32485402282,28027.620501587407,0.0,158031.9964139295,-5996.449862013283,34311.19746679885,158031.9964139295,34311.19746679885,-74226.65742582541,25479.654460849208,0.0,143665.44834387477,-5451.317938221578,31191.997070371555,143665.44834387477,31191.997070371555,-62721.6383361874,20762.780558342038,0.0,122354.50190445047,-2822.0048297269864,26916.844402369483,122354.50190445047,26916.844402369483
"('6', '3.5', '0')",1-1,-137271.99315515463,15052.14476092475,-7037.168890548142,62226.5453839202,-30820.143376125103,32601.542614295755,62226.5453839202,32601.542614295755,-124792.71849924972,13683.767673617724,-6397.426083833096,56569.58554927475,-28018.311545222536,29637.765399317195,56569.58554927475,29637.765399317195,-106526.93589656902,11142.159883672595,-3217.0823166397718,47844.98481960668,-22063.18946451036,24750.12985757033,47844.98481960668,24750.12985757033
"('7', '3.5', '0')",1-1,-186348.78461199455,-18934.325472038607,-143369.5236244885,0.0,-45592.17191096951,0.0,143369.5236244885,0.0,-169407.98257383954,-17213.022789023977,-130335.9278881879,0.0,-41447.428142704455,0.0,130335.9278881879,0.0,-145669.4243207992,-13938.922761015769,-110549.24933543395,0.0,-34481.48236535654,0.0,110549.24933543395,0.0
"('8', '3.5', '0')",1-1,-250658.57624689204,-44219.87615046028,-328066.05730913446,0.0,-70709.28679148521,0.0,328066.05730913446,0.0,-227871.42833101493,-40199.88655685526,-298241.86422726564,0.0,-64281.16849971572,0.0,298241.86422726564,0.0,-195979.91812252215,-32793.969043265286,-256384.4960152197,0.0,-54992.875836635816,0.0,256384.4960152197,0.0
"('0', '2.5', '0')",1-1,240647.69473396245,38291.50741535331,-313797.7901430184,0.0,-69021.288102183,0.0,313797.7901430184,0.0,218770.62711705503,34810.460532188416,-285270.7125106546,0.0,-62746.62426278444,0.0,285270.7125106546,0.0,187351.58113821372,27575.46532133792,-245104.14188768133,0.0,-53573.183140132845,0.0,245104.14188768133,0.0
"('1', '2.5', '0')",1-1,177849.1048573077,-27938.393409873435,-132430.73763100794,0.0,-41654.404140195984,0.0,132430.73763100794,0.0,161681.001120314,-25398.53891397543,-120391.57719650156,0.0,-37867.63934227388,0.0,120391.57719650156,0.0,138559.8125570381,-20316.357013032044,-102447.2131232468,0.0,-31781.226415028577,0.0,102447.2131232468,0.0
"('2', '2.5', '0')",1-1,136828.97359082507,-34719.90226310603,-10129.825228778474,57260.20850406673,-33359.23102410739,25141.46307875812,57260.20850406673,25141.46307875812,124389.97343248191,-31563.54682779312,-9208.931791721187,52054.7339362326,-30326.5730025744,22855.875030756,52054.7339362326,22855.875030756,105608.54569452044,-24843.73333672368,-5698.864167227817,44184.07910769939,-24219.35996365384,18334.246455051238,44184.07910769939,18334.246455051238
"('3', '2.5', '0')",1-1,84100.44947697938,-48068.47026020548,0.0,152051.7910503905,-6631.812775146121,31124.333504422848,152051.7910503905,31124.333504422848,76454.95248060736,-43698.60838031769,0.0,138228.89810514482,-6028.9205740049565,28294.8480271101,138228.89810514482,28294.8480271101,64188.384730306505,-34381.04331068788,0.0,117444.08452702044,-3542.017499129199,23671.542967444977,117444.08452702044,23671.542967444977
"('4', '2.5', '0')",1-1,-31055.855362976377,-52401.05670216854,0.0,185761.35236149104,-2824.8349782911723,28501.711579939656,185761.35236149104,28501.711579939656,-28232.59517259896,-47637.3232421875,0.0,168873.95322262004,-2568.031742785931,25910.646369534683,168873.95322262004,25910.646369534683,-22587.489810511808,-37474.173847958446,0.0,143536.40380512137,-373.1938705174772,22502.099394050027,143536.40380512137,22502.099394050027
"('5', '2.5', '0')",1-1,-83667.51649101614,-49090.025474913,0.0,151186.56211979737,-6714.516581611165,30229.828578857465,151186.56211979737,30229.828578857465,-76061.37704735312,-44627.29491901398,0.0,137442.32638445235,-6104.105850979945,27481.661748766895,137442.32638445235,27481.661748766895,-63875.18897976126,-35127.783766479,0.0,117107.86940556252,-3602.6952848522183,23020.159316176338,117107.86940556252,23020.159316176338
"('6', '2.5', '0')",1-1,-136841.83962132016,-35991.70942186677,-8655.551212873834,57533.522709395365,-33472.040341785694,26246.570914781536,57533.522709395365,26246.570914781536,-124401.66982358757,-32719.735128879547,-7868.682715402448,52303.201390236885,-30429.12692551369,23860.518496274948,52303.201390236885,23860.518496274948,-105616.6901327128,-25773.59815276488,-4626.281010471298,44380.8616830018,-24303.839628484657,19135.52470442021,44380.8616830018,19135.52470442021
"('7', '2.5', '0')",1-1,-178955.94251862686,-28200.56039553622,-133226.70499931523,0.0,-41229.815364551934,0.0,133226.70499931523,0.0,-162687.21715424955,-25636.87253213949,-121115.18387927896,0.0,-37481.64955459992,0.0,121115.18387927896,0.0,-139360.0465720011,-20509.23672765537,-103025.50829124796,0.0,-31475.224397817383,0.0,103025.50829124796,0.0
"('8', '2.5', '0')",1-1,-247757.18562902333,38810.03109678855,-314229.0864423349,0.0,-68278.63417992581,0.0,314229.0864423349,0.0,-225233.800517934,35281.84568691254,-285662.8000469896,0.0,-62071.48434809299,0.0,285662.8000469896,0.0,-192513.75910882556,27955.86063773545,-245416.18658821107,0.0,-53028.73226184118,0.0,245416.18658821107,0.0
"('0', '1.5', '0')",1-1,398818.96002747386,79458.8972584619,-529369.5364973842,0.0,-90234.96291011214,0.0,529369.5364973842,0.0,362562.68345146114,72235.35958731832,-481245.02331859386,0.0,-82031.78277757624,0.0,481245.02331859386,0.0,307096.86644498166,58625.70470088518,-410827.7597156497,0.0,-69769.41053941545,0.0,410827.7597156497,0.0
"('1', '1.5', '0')",1-1,276425.2329149933,114570.00618700236,-226588.8819752068,0.0,-50740.64046446929,20704.47590884347,226588.8819752068,20704.47590884347,251295.6611317346,104154.5488336332,-205989.8884363712,0.0,-46127.853967905045,18822.25041826004,205989.8884363712,18822.25041826004,214212.27593973296,83790.76871806345,-173712.99659801697,0.0,-38172.44311477578,13674.317809667096,173712.99659801697,13674.317809667096
"('2', '1.5', '0')",1-1,211885.4409212249,124887.52112816744,-12292.520305396176,115481.7222002118,-48349.495953589765,60103.29705475234,115481.7222002118,60103.29705475234,192623.1241375941,113534.10768061562,-11175.01819272368,104983.38163338671,-43954.08630207697,54639.35977458954,104983.38163338671,54639.35977458954,163168.18214324556,91576.77992443301,-7644.981339627022,87946.09216121747,-35861.67893363204,43128.428354628806,87946.09216121747,43128.428354628806
"('3', '1.5', '0')",1-1,132380.65629122872,117512.52652189428,0.0,276950.3933613355,-22765.21569983288,70634.84395127272,276950.3933613355,70634.84395127272,120346.04866869916,106829.56727986684,0.0,251773.07967232048,-20695.65018764557,64213.49311188345,251773.07967232048,64213.49311188345,100884.57414509976,86347.32113131917,0.0,212832.9891771688,-15739.576646633575,51870.09680170881,212832.9891771688,51870.09680170881
"('4', '1.5', '0')",1-1,-55769.144119232194,113330.18090362224,0.0,328039.0733804073,-21170.931116405205,69500.4612135876,328039.0733804073,69500.4612135876,-50699.220827698715,103027.43498385872,0.0,298217.3332726879,-19246.30059776149,63182.23612003648,298217.3332726879,63182.23612003648,-40560.197998537034,83354.93929363793,0.0,252057.3773326296,-14283.222255538314,51871.57948829599,252057.3773326296,51871.57948829599
"('5', '1.5', '0')",1-1,-134649.23027972216,113736.5666442915,0.0,272906.13618560863,-23235.486849237364,73852.59589992568,272906.13618560863,73852.59589992568,-122408.38861353864,103396.87655644766,0.0,248096.4823195297,-21123.169405110693,67138.7220927108,248096.4823195297,67138.7220927108,-102535.28965158334,83600.1572774398,0.0,209889.4347494352,-16080.733057667763,54211.58773139215,209889.4347494352,54211.58773139215
"('6', '1.5', '0')",1-1,-214659.0376449114,124825.15083853892,-11951.834236028895,113078.94779873925,-49303.86736225281,65441.4038142248,113078.94779873925,65441.4038142248,-195144.57564993083,113477.40741854592,-10865.303590920856,102799.04131575597,-44821.69665478388,59492.18399620056,102799.04131575597,59492.18399620056,-165184.20946695792,91530.43776111117,-7396.969169449175,86196.78235049381,-36554.51723245182,47011.93778425735,86196.78235049381,47011.93778425735
"('7', '1.5', '0')",1-1,-278686.03766656294,131137.96151198063,-228695.26988065903,0.0,-53579.7203348359,22069.241829309845,228695.26988065903,22069.241829309845,-253350.9381340692,119216.32607534004,-207904.7864907325,0.0,-48708.83561229706,20062.946682701742,207904.7864907325,20062.946682701742,-215854.26390420157,95840.79633078238,-175244.03588619558,0.0,-39663.027777445815,14602.049548073324,175244.03588619558,14602.049548073324
"('8', '1.5', '0')",1-1,-418022.5738779204,79427.3563164445,-528958.4297058573,0.0,-90218.27252284829,0.0,528958.4297058573,0.0,-380020.513846206,72206.68600428762,-480871.2898798517,0.0,-82016.60969857434,0.0,480871.2898798517,0.0,-321061.0618917134,58604.285804922074,-410521.8301333397,0.0,-69748.16710555076,0.0,410521.8301333397,0.0
"('0', '0.5', '0')",2-1,411375.8204896053,77204.53732075459,-574443.2755808916,0.0,-127666.52028146472,0.0,574443.2755808916,0.0,373978.0109203681,70185.94150063323,-522221.1488642965,0.0,-116060.47058354718,0.0,522221.1488642965,0.0,317993.8792963451,56422.12661362311,-443611.45044044015,0.0,-98129.15931446131,0.0,443611.45044044015,0.0
"('1', '0.5', '0')",2-1,323878.38471437054,29713.327242506217,-246999.63491184227,0.0,-78547.36498719991,0.0,246999.63491184227,0.0,294434.88911743945,27012.115093564837,-224545.1179830339,0.0,-71406.69394073628,0.0,224545.1179830339,0.0,249698.38455738057,21762.106661677728,-188769.553254462,0.0,-59066.814515728,0.0,188769.553254462,0.0
"('2', '0.5', '0')",2-1,238365.4916514384,-19417.02459424353,-17486.792918332445,118150.1613030849,-57962.11487262144,42591.28789795582,118150.1613030849,42591.28789795582,216695.89701108637,-17651.84015762806,-15897.084126651289,107409.2352755343,-52692.83056029677,38719.35179528594,107409.2352755343,38719.35179528594,182835.1164121588,-13912.180993322096,-9859.70762188297,88633.44818359891,-42141.33508630968,30573.103843340185,88633.44818359891,30573.103843340185
"('3', '0.5', '0')",2-1,142373.89903229373,-34412.77563484528,0.0,279428.43818902376,-23046.603398187748,54172.13070201856,279428.43818902376,54172.13070201856,129430.81460112044,-31284.340808153152,0.0,254025.8476178252,-20951.45718060553,49247.39048012969,254025.8476178252,49247.39048012969,108306.9784090274,-24780.31023879236,0.0,213516.2849200788,-16034.940350558045,39969.37783657865,213516.2849200788,39969.37783657865
"('4', '0.5', '0')",2-1,-47660.45201429042,-39920.17196562444,0.0,325779.9365941575,-19373.266671926995,43470.29910210673,325779.9365941575,43470.29910210673,-43327.6827102527,-36291.064636707306,0.0,296163.57258902234,-17612.060229111597,39518.45288366618,296163.57258902234,39518.45288366618,-34662.151088697145,-28771.75780950232,0.0,249946.54668166256,-13068.34147812426,32678.797718831647,249946.54668166256,32678.797718831647
"('5', '0.5', '0')",2-1,-140828.1754364551,-34858.1921061579,0.0,275892.78134244133,-22863.420241284755,55912.38287848927,275892.78134244133,55912.38287848927,-128025.6113626332,-31689.264864206318,0.0,250811.61419059863,-20784.927041575887,50829.43787899491,250811.61419059863,50829.43787899491,-107182.66314207915,-25104.68234652179,0.0,210943.89911084512,-15893.930793585743,41235.40336325852,210943.89911084512,41235.40336325852
"('6', '0.5', '0')",2-1,-236863.22089524855,-19694.20758269607,-14473.991975527684,116345.62583999796,-58901.79754271568,44463.10372395372,116345.62583999796,44463.10372395372,-215330.1963532418,-17903.8246871233,-13158.17423801124,105768.7485264664,-53547.0875145942,40421.00250931084,105768.7485264664,40421.00250931084,-181742.1684724319,-14114.111216718777,-7669.22465062737,87321.13988176694,-42824.7557470788,31935.135436982964,87321.13988176694,31935.135436982964
"('7', '0.5', '0')",2-1,-326391.7149604578,30295.132026778258,-249627.65919197345,0.0,-80345.88352659682,0.0,249627.65919197345,0.0,-296719.73474617786,27541.02852234825,-226934.23091318872,0.0,-73041.71075929544,0.0,226934.23091318872,0.0,-251525.824158695,22185.64902740581,-190681.44807036096,0.0,-60375.25746001469,0.0,190681.44807036096,0.0
"('8', '0.5', '0')",2-1,-408327.6841413808,77749.25319676638,-577823.1950637703,0.0,-127666.04444920424,0.0,577823.1950637703,0.0,-371206.97793658817,70681.13774081992,-525293.8028730425,0.0,-116060.03800877435,0.0,525293.8028730425,0.0,-315776.6619045552,56819.299681551856,-446068.36042460817,0.0,-98126.44537385768,0.0,446068.36042460817,0.0
"('0', '-0.5', '0')",2-1,550527.3248092198,71039.51627157633,-621623.7389874393,0.0,-136251.59970722315,0.0,621623.7389874393,0.0,500479.3757418344,64581.3770289421,-565112.4783051366,0.0,-123865.08807502556,0.0,565112.4783051366,0.0,419188.84284298733,51389.21509552972,-477898.5276103583,0.0,-104353.18213029116,0.0,477898.5276103583,0.0
"('1', '-0.5', '0')",2-1,380558.83534515393,-41416.33833848053,-266894.24297980755,0.0,-89533.33069217038,0.0,266894.24297980755,0.0,345962.5703922387,-37651.21585924625,-242631.1249377768,0.0,-81393.93528645998,0.0,242631.1249377768,0.0,290917.2169349164,-30282.727036052293,-203630.4571513139,0.0,-67451.1142242064,0.0,203630.4571513139,0.0
"('2', '-0.5', '0')",2-1,275475.1287990838,-73514.58539795708,-28374.37824263904,157106.93150170817,-59570.72544241588,64220.82092204245,157106.93150170817,64220.82092204245,250431.9300504661,-66831.4398306094,-25794.888752400875,142824.48015571147,-54155.203794692,58382.56320917606,142824.48015571147,58382.56320917606,209822.62065456348,-53716.22912857228,-18173.20881728413,117419.32168920305,-43802.22024429747,46700.454139859066,117419.32168920305,46700.454139859066
"('3', '-0.5', '0')",2-1,172395.26640381134,-88597.3523061355,0.0,316534.77816098207,-13334.779786842266,88822.88438181704,316534.77816098207,88822.88438181704,156722.9661655039,-80543.04581529033,0.0,287758.88323447685,-12122.526816198822,80748.0749704271,287758.88323447685,80748.0749704271,130140.2494882386,-64727.55025470965,0.0,240849.0433547401,-8845.980570871321,65525.51789283796,240849.0433547401,65525.51789283796
"('4', '-0.5', '0')",2-1,-78552.41135328478,-94835.02636772611,0.0,360477.4674979797,-12597.14186515795,79448.96185547882,360477.4674979797,79448.96185547882,-71411.28150064289,-86213.6584762623,0.0,327706.7818179354,-11451.946901929325,72226.32740504689,327706.7818179354,72226.32740504689,-57128.97924581724,-69279.75189282841,0.0,275175.8059573265,-8146.046969722179,58848.63326833762,275175.8059573265,58848.63326833762
"('5', '-0.5', '0')",2-1,-174359.94934324722,-91067.5272984492,0.0,312810.1424029987,-13471.320322169428,90449.82492176208,312810.1424029987,90449.82492176208,-158509.04152627886,-82788.65939599408,0.0,284372.85080060933,-12246.654572896754,82227.11179286534,284372.85080060933,82227.11179286534,-131568.98375703153,-66524.11073717903,0.0,238139.76206766893,-8951.638585440467,66709.04457663998,238139.76206766893,66709.04457663998
"('6', '-0.5', '0')",2-1,-277001.5043416199,-76653.03839161561,-28256.790171795856,152231.90854562682,-60070.21562834618,67220.19184758101,152231.90854562682,67220.19184758101,-251819.5441499687,-69684.57885391338,-25687.99050849676,138392.64120078593,-54609.2857720594,61109.26399147511,138392.64120078593,61109.26399147511,-210932.55518077328,-55998.74430893497,-18088.0479256,113873.6178499168,-44164.973101131945,48882.4526108749,113873.6178499168,48882.4526108749
"('7', '-0.5', '0')",2-1,-384542.7960412261,-44210.33920285072,-270309.03815320844,0.0,-88896.55490101437,0.0,270309.03815320844,0.0,-349584.35276471335,-40191.216589984295,-245735.48411903784,0.0,-80815.04821613795,0.0,245735.48411903784,0.0,-293814.6313818167,-32314.523500206677,-206114.23337395908,0.0,-66987.8202866429,0.0,206114.23337395908,0.0
"('8', '-0.5', '0')",2-1,-568425.4502178457,71520.75988704851,-623617.7614760847,0.0,-136104.00209398434,0.0,623617.7614760847,0.0,-516750.39848792047,65018.87121534348,-566925.2259827964,0.0,-123730.9084295349,0.0,566925.2259827964,0.0,-432205.9370720853,51739.647824718006,-479348.3177329005,0.0,-104244.76662892524,0.0,479348.3177329005,0.0
"('0', '-1.5', '0')",2-1,616117.7477300445,51304.98164083697,-657916.7637404085,0.0,-116652.02782632572,0.0,657916.7637404085,0.0,560107.0316267463,46640.8913898468,-598106.1364658505,0.0,-106047.2958232656,0.0,598106.1364658505,0.0,465115.14060901693,36502.79267771836,-504373.2257380704,0.0,-89123.68520784595,0.0,504373.2257380704,0.0
"('1', '-1.5', '0')",2-1,405063.1365810615,129875.846654402,-291294.6856929837,0.0,-78187.20358973584,39206.15525503128,291294.6856929837,39206.15525503128,368239.2073844669,118068.94894492626,-264813.3451257098,0.0,-71079.2745037942,35641.95855023706,264813.3451257098,35641.95855023706,307749.0257360566,94295.37096741075,-222115.49748759452,0.0,-58974.08002268334,26021.49432053855,222115.49748759452,26021.49432053855
"('2', '-1.5', '0')",2-1,297667.7749984628,125062.83852929145,-39817.43076122197,192935.78300983168,-43253.518432425015,109306.92026600092,192935.78300983168,109306.92026600092,270607.06251763925,113693.48710784316,-36197.66354382038,175396.16266152347,-39321.37956522214,99369.92538500654,175396.16266152347,99369.92538500654,225539.3997589352,90262.97129249673,-26982.450616527407,144256.21913186667,-32131.788635665725,80585.13644185827,144256.21913186667,80585.13644185827
"('3', '-1.5', '0')",2-1,193207.91268262872,-128396.30132275278,0.0,355800.22122339346,-7237.48617230823,126585.85253982978,355800.22122339346,126585.85253982978,175643.55328057782,-116723.90779345644,0.0,323454.7398115683,-6579.532741309041,115078.04529961958,323454.7398115683,115078.04529961958,145113.92465594967,-94259.16248939326,0.0,270159.2009594215,-4418.570187524283,93608.92272063652,270159.2009594215,93608.92272063652
"('4', '-1.5', '0')",2-1,-100001.45545278514,-135584.2236061888,0.0,397348.765147814,-6630.015025616073,121665.1074090216,397348.765147814,121665.1074090216,-90910.41207755635,-123258.38245678856,0.0,361226.1426047392,-6027.286256285792,110604.64072199567,361226.1426047392,110604.64072199567,-72728.28479978444,-99535.03743526332,0.0,302448.8578436136,-3703.3843324855434,89698.3057132276,302448.8578436136,89698.3057132276
"('5', '-1.5', '0')",2-1,-197505.58390824735,-132458.62498355613,0.0,352484.4026814284,-7271.305454446919,129772.82689870433,352484.4026814284,129772.82689870433,-179550.52703736798,-120416.92922323356,0.0,320440.3593842077,-6610.277542586929,117975.29465398208,320440.3593842077,117975.29465398208,-148239.38719223166,-97213.50105304307,0.0,267748.02119495993,-4443.662767094842,95926.65980485312,267748.02119495993,95926.65980485312
"('6', '-1.5', '0')",2-1,-301253.9711714673,125071.23471514572,-39812.22103410786,190232.32672221668,-44085.78073767316,110436.14016202514,190232.32672221668,110436.14016202514,-273867.24078607187,113701.12000390889,-36192.927428364754,172938.47518059696,-40077.98164450334,100396.4888803512,172938.47518059696,100396.4888803512,-228147.4313621372,90269.00960857939,-26978.857237820077,142290.11871880724,-32736.86598871851,81291.36652209601,142290.11871880724,81291.36652209601
"('7', '-1.5', '0')",2-1,-409350.4337733381,152244.11621038293,-295233.0551220793,0.0,-78915.35756189567,39206.95488430094,295233.0551220793,39206.95488430094,-372136.7502020595,138403.73900961876,-268393.6808927405,0.0,-71741.23264595556,35642.685485921,268393.6808927405,35642.685485921,-310867.12514307647,110563.13349131389,-224979.45918843773,0.0,-59503.771424681545,26060.39114141,224979.45918843773,26060.39114141
"('8', '-1.5', '0')",2-1,-643666.6276956941,51217.667742669946,-658822.9440373899,0.0,-116099.13691746624,0.0,658822.9440373899,0.0,-585151.4674163314,46561.51512050629,-598929.9367179782,0.0,-105544.66773519662,0.0,598929.9367179782,0.0,-485151.057947133,36439.075477268714,-505031.7939344644,0.0,-88720.90146044445,0.0,505031.7939344644,0.0
"('0', '-2.5', '0')",3-1,388464.0836653263,31585.391356122367,-451367.2326327921,0.0,-97637.24321863565,0.0,451367.2326327921,0.0,353149.1595966641,28713.99153305653,-410333.83934060286,0.0,-88761.12835456948,0.0,410333.83934060286,0.0,294831.9443226412,23288.97410128584,-345238.89658054936,0.0,-74478.90093132046,0.0,345238.89658054936,0.0
"('1', '-2.5', '0')",3-1,277205.2001892034,11281.748029041846,-177363.2658708282,0.0,-40915.54254679896,0.0,177363.2658708282,0.0,252004.72219164675,10256.134350600223,-161239.32925664177,0.0,-37195.946999322776,0.0,161239.32925664177,0.0,210801.316737405,8197.458763010227,-135091.60372776538,0.0,-31228.237043136385,0.0,135091.60372776538,0.0
"('2', '-2.5', '0')",3-1,188998.69024826065,-31006.81358267923,-18955.964383429455,121022.64393479022,-8324.876764782794,64772.855580140655,121022.64393479022,64772.855580140655,171816.98754770198,-28188.011751802605,-17232.694520518184,110020.58307151028,-7568.069623919599,58884.412911839776,110020.58307151028,58884.412911839776,143539.0636960883,-23020.83010788635,-12265.989872709211,90545.7686683349,-6002.055428931246,48003.65941609616,90545.7686683349,48003.65941609616
"('3', '-2.5', '0')",3-1,117867.47634669433,-41690.73620136773,0.0,227520.8549040594,-2923.870677525862,92320.93185778947,227520.8549040594,92320.93185778947,107152.248969576,-37900.66847431695,0.0,206837.1365025704,-2658.064194684248,83928.11809337731,206837.1365025704,83928.11809337731,88742.03695884746,-30988.67656452645,0.0,172606.79954749628,-841.1048570086301,68887.77106504721,172606.79954749628,68887.77106504721
"('4', '-2.5', '0')",3-1,-53736.45355984379,-44692.514859178526,0.0,250893.42438827336,-2339.184308863109,93377.16552929203,250893.42438827336,93377.16552929203,-48851.32035921596,-40629.558106403805,0.0,228084.92650917816,-2126.5311437842324,84888.33049960494,228084.92650917816,84888.33049960494,-39081.01909373197,-33239.3854389823,0.0,190886.92551599536,-113.39326340084132,69689.45539434496,190886.92551599536,69689.45539434496
"('5', '-2.5', '0')",3-1,-116506.8475560878,-41731.90594977955,0.0,225665.01212578607,-2941.350447032979,92920.65351247284,225665.01212578607,92920.65351247284,-105915.31373219812,-37938.095517516485,0.0,205150.00674070764,-2673.954893891751,84473.31958581801,205150.00674070764,84473.31958581801,-87752.34178546829,-31018.333442173494,0.0,171256.9421547517,-853.3640897755864,69324.71045456584,171256.9421547517,69324.71045456584
"('6', '-2.5', '0')",3-1,-186867.54510755543,-30681.13983208337,-18487.23877599282,119663.47683984476,-8333.995876333604,64936.26813207554,119663.47683984476,64936.26813207554,-169879.58291632571,-27891.94471222345,-16806.5803411752,108784.9766483409,-7576.359725149742,59032.96977401525,108784.9766483409,59032.96977401525,-141988.91997912948,-22783.869949549775,-11925.273051557397,89556.85606591067,-6007.983390409608,48122.95610545512,89556.85606591067,48122.95610545512
"('7', '-2.5', '0')",3-1,-275655.5038446415,11448.643702894367,-179855.22984257233,0.0,-41401.16988956499,0.0,179855.22984257233,0.0,-250595.90736348933,10407.85768717764,-163504.7510000347,0.0,-37637.42639226854,0.0,163504.7510000347,0.0,-209674.18197058316,8318.463400246746,-136903.3529884337,0.0,-31580.77394870776,0.0,136903.3529884337,0.0
"('8', '-2.5', '0')",3-1,-395682.68459717016,31469.979520072335,-453825.8828082751,0.0,-97979.0537263121,0.0,453825.8828082751,0.0,-359711.5239379231,28609.07168437604,-412568.975815324,0.0,-89071.86517299483,0.0,412568.975815324,0.0,-300082.03061711806,23204.294681086416,-347026.27346892195,0.0,-74727.26339891042,0.0,347026.27346892195,0.0
"('0', '-3.5', '0')",3-1,530673.9199745914,-20133.989794638797,-477841.51251458033,0.0,-95047.47546091936,0.0,477841.51251458033,0.0,482430.82620252896,-18303.62668931484,-434401.36600871314,0.0,-86406.79408338785,0.0,434401.36600871314,0.0,399593.1200072288,-14109.70818929188,-365276.8371179921,0.0,-72681.3427499993,0.0,365276.8371179921,0.0
"('1', '-3.5', '0')",3-1,327852.9225453781,-22790.077571588798,-175757.8701811691,0.0,-28000.865962836535,10493.591629551507,175757.8701811691,10493.591629551507,298048.1051797755,-20718.251888751984,-159779.87866550198,0.0,-25455.33217302013,9539.628547371853,159779.87866550198,9539.628547371853,248555.13392324364,-16437.078926156355,-134059.76952043947,0.0,-21670.911130889024,6678.222281087162,134059.76952043947,6678.222281087162
"('2', '-3.5', '0')",3-1,232738.97025528504,-30371.04572817464,-9301.35417088902,125299.00447682946,-7332.524438780016,75006.6981288214,125299.00447682946,75006.6981288214,211580.8776184302,-27610.040978387337,-8455.776335716002,113908.18348200686,-6665.931163501666,68187.9059406647,113908.18348200686,68187.9059406647,175937.58794606096,-22275.934451232108,-4880.707802948693,93702.29027108884,-4429.728876674977,55567.78035621293,93702.29027108884,55567.78035621293
"('3', '-3.5', '0')",3-1,152896.9236816514,-32509.608522093044,0.0,241468.89359480632,-2199.07989673478,112304.05833399863,241468.89359480632,112304.05833399863,138997.2004108003,-29554.18893673777,0.0,219517.1714099904,-1999.1634991554613,102094.59632194588,219517.1714099904,102094.59632194588,114524.1034320106,-24006.87752345631,0.0,183009.0649221028,-64.00622184573709,83626.97479391779,183009.0649221028,83626.97479391779
"('4', '-3.5', '0')",3-1,-86245.17835269235,-34272.27343437326,0.0,271444.9215267041,-1209.6531729124274,122481.15191394348,271444.9215267041,122481.15191394348,-78404.70589398044,-31156.611551588263,0.0,246768.1053325573,-1099.684678812638,111346.49937666446,246768.1053325573,111346.49937666446,-62724.05468781205,-25348.943550584296,0.0,206196.72599726004,0.0,91146.55766075301,206196.72599726004,91146.55766075301
"('5', '-3.5', '0')",3-1,-157001.61553113433,-32944.31003558452,0.0,239765.42706898449,-2231.5989848484755,111054.15958122889,239765.42706898449,111054.15958122889,-142728.7383749059,-29949.37212225556,0.0,217968.5655109902,-2028.726305890792,100958.32475314688,217968.5655109902,100958.32475314688,-117509.39346696324,-24321.97411477913,0.0,181769.71193740895,-88.02879027343174,82719.31974286423,181769.71193740895,82719.31974286423
"('6', '-3.5', '0')",3-1,-235693.8031640456,-30557.341588163246,-10856.5894508968,123902.09167934216,-7402.764638547533,74947.8133541715,123902.09167934216,74947.8133541715,-214267.08929544504,-27779.400847433477,-9869.626559624152,112638.2627845432,-6729.785889179029,68134.37432850688,112638.2627845432,68134.37432850688,-178085.7006805396,-22410.380137788976,-5973.12109275648,92685.15875533507,-4480.434302955149,55525.63455880615,92685.15875533507,55525.63455880615
"('7', '-3.5', '0')",3-1,-329274.11717007624,-26096.308490900185,-178068.89585144556,0.0,-28076.246209542714,10733.017403357324,178068.89585144556,10733.017403357324,-299340.1002651341,-23723.916295707226,-161880.8110474896,0.0,-25523.85965212477,9757.288337023128,161880.8110474896,9757.288337023128,-249587.75686219684,-18842.420419674883,-135739.2793872626,0.0,-21551.811686677007,6862.170347483766,135739.2793872626,6862.170347483766
"('8', '-3.5', '0')",3-1,-559090.917201113,-20330.787808180667,-477265.03966833325,0.0,-95226.8296068709,0.0,477265.03966833325,0.0,-508264.4594848924,-18482.5339704752,-433877.29979621107,0.0,-86569.84330344618,0.0,433877.29979621107,0.0,-420259.6160975776,-14254.719305480416,-364855.26261767326,0.0,-72810.98452041925,0.0,364855.26261767326,0.0
"('0', '-4.5', '0')",3-1,472078.37827762007,-42685.73202141428,-471845.71308600897,0.0,-100500.779055518,0.0,471845.71308600897,0.0,429162.15309857554,-38805.21008747816,-428950.6393879977,0.0,-91364.34269935034,0.0,428950.6393879977,0.0,357340.5414126806,-30745.13073391198,-361371.035140452,0.0,-76692.7157639415,0.0,361371.035140452,0.0
"('1', '-4.5', '0')",3-1,309367.46560808487,39033.66960012826,-177220.6229811677,0.0,-40282.96622305252,8753.870074196464,177220.6229811677,8753.870074196464,281243.144700927,35485.153419436094,-161109.65390099605,0.0,-36620.87761032596,7958.063531328586,161109.65390099605,7958.063531328586,235387.01999275896,28600.733437933824,-134866.4708460711,0.0,-30245.736465617647,4916.2533154104885,134866.4708460711,4916.2533154104885
"('2', '-4.5', '0')",3-1,220564.45346552297,62641.813065656446,-9219.75181020495,124913.65627317416,-13644.739260532411,70407.88238041423,124913.65627317416,70407.88238041423,200513.13532807308,56947.10155266523,-8381.59237306565,113557.8669250046,-12404.308149809693,64007.164423757255,113557.8669250046,64007.164423757255,167251.77383404234,45534.83258052288,-4427.027777233114,92940.58761494984,-8295.345820394467,51671.639374710125,92940.58761494984,51671.639374710125
"('3', '-4.5', '0')",3-1,142036.4095418088,73422.61839995286,0.0,233886.63860767477,-3923.5040097430183,105504.8043665633,233886.63860767477,105504.8043665633,129124.00595493182,66747.83346232772,0.0,212624.21247415667,-3566.8217497303285,95913.45647450334,212624.21247415667,95913.45647450334,106695.9820964338,53265.876013961926,0.0,177307.00620825464,-1195.7299453254768,78335.30086025581,177307.00620825464,78335.30086025581
"('4', '-4.5', '0')",3-1,-73535.34141833131,78197.69340335575,0.0,270228.45902514434,-2371.8963344360304,111180.8911345264,270228.45902514434,111180.8911345264,-66850.30893135976,71088.81064406037,0.0,245662.23036395683,-2156.2693482059667,101073.53525726404,245662.23036395683,101073.53525726404,-53481.396723906095,56702.82688239125,0.0,205589.1877695863,0.0,83012.47908281039,205589.1877695863,83012.47908281039
"('5', '-4.5', '0')",3-1,-144461.96714818172,75667.67900239788,0.0,230975.6474908214,-4009.6019773560456,106232.29167982274,230975.6474908214,106232.29167982274,-131329.05827656848,68788.79760213196,0.0,209977.8569707391,-3645.092627682059,96574.80856313203,209977.8569707391,96574.80856313203,-108461.29484467162,54901.133927948154,0.0,175186.42513638912,-1263.5050684474418,78862.91716584018,175186.42513638912,78862.91716584018
"('6', '-4.5', '0')",3-1,-222017.26176623837,65420.834911138954,-8691.34156203495,121766.32538540168,-14270.256908157538,72596.05047971016,121766.32538540168,72596.05047971016,-201833.87011827904,59473.48499380052,-7901.2194305956355,110696.65708904465,-12972.960544416415,65996.40810727424,110696.65708904465,65996.40810727424,-168306.50805416566,47560.194933357285,-4045.3177439213937,90648.4187606974,-8642.58888893923,53262.746558520405,90648.4187606974,53262.746558520405
"('7', '-4.5', '0')",3-1,-310501.2521912781,42197.80515436412,-179718.47013768568,0.0,-40300.76667663361,8762.460778543382,179718.47013768568,8762.460778543382,-282273.85975421715,38361.640224577066,-163380.42399406753,0.0,-36637.05984050348,7965.873262383784,163380.42399406753,7965.873262383784,-236207.3640624944,30903.125648387253,-136684.3685051984,0.0,-30258.800654370305,4923.569619600662,136684.3685051984,4923.569619600662
"('8', '-4.5', '0')",3-1,-493004.0183431602,-42646.083453987034,-471220.5939577039,0.0,-101050.32923512148,0.0,471220.5939577039,0.0,-448185.4618367476,-38769.1659360528,-428382.349283674,0.0,-91863.9337608888,0.0,428382.349283674,0.0,-372554.40787303034,-30720.872519284123,-360910.4031718013,0.0,-77091.27366804985,0.0,360910.4031718013,0.0
"('0', '-5.5', '0')",3-1,340539.98067539994,-47490.83985546803,-440997.16237863695,0.0,-95341.30137357894,0.0,440997.16237863695,0.0,309581.7942390964,-43173.48984193802,-400906.5030005993,0.0,-86673.90854733625,0.0,400906.5030005993,0.0,261831.38790555508,-34342.693395638285,-339291.57884186687,0.0,-73019.72620765507,0.0,339291.57884186687,0.0
"('1', '-5.5', '0')",3-1,263568.08346078964,-16153.305316795651,-178281.6336027959,0.0,-46844.251824729035,0.0,178281.6336027959,0.0,239607.3436566467,-14684.822696983814,-162074.2089973676,0.0,-42585.68255400658,0.0,162074.2089973676,0.0,202243.22381340945,-11621.142262833157,-135849.40600879095,0.0,-35039.77494713712,0.0,135849.40600879095,0.0
"('2', '-5.5', '0')",3-1,188201.00018191765,27486.549639515728,-6380.579371417203,110917.08261224066,-21417.09498437252,52367.88294129896,110917.08261224066,52367.88294129896,171091.81480346157,24987.77185887996,-5800.526575565337,100833.70933126324,-19470.08592742681,47607.16529021615,100833.70933126324,47607.16529021615,143858.64689543497,20028.683815231263,-2403.318825173852,82883.42977984545,-14695.591633227696,38577.95528419432,82883.42977984545,38577.95528419432
"('3', '-5.5', '0')",3-1,113946.39740941804,40830.56699183437,0.0,216268.04781227664,-6193.401801685513,74206.0065772362,216268.04781227664,74206.0065772362,103587.63184512692,37118.69646077789,0.0,196607.3121047882,-5630.365152224681,67460.0045563778,196607.3121047882,67460.0045563778,86344.21192564927,29661.630828593512,0.0,164694.69234402585,-2833.207001858605,55590.45329089681,164694.69234402585,55590.45329089681
"('4', '-5.5', '0')",3-1,-43688.881548583515,45865.48600482245,0.0,249008.25472124992,-3965.8250180149817,71889.60050893978,249008.25472124992,71889.60050893978,-39717.16418332047,41695.89546428621,0.0,226371.13596626985,-3605.2953927800368,65354.18091651704,226371.13596626985,65354.18091651704,-31776.671216030398,33300.21808289456,0.0,190337.44966189656,-1015.6996023437634,54399.953835064895,190337.44966189656,54399.953835064895
"('5', '-5.5', '0')",3-1,-112796.89018862584,41251.21425693412,0.0,213043.9827235136,-6573.077503130442,76357.72390513451,213043.9827235136,76357.72390513451,-102542.62530342033,37501.10305712558,0.0,193676.3439058033,-5975.524873329844,69416.11117570606,193676.3439058033,69416.11117570606,-85512.92236339164,29970.965554296625,0.0,162346.59016254553,-3085.3848632315194,57150.79805637291,162346.59016254553,57150.79805637291
"('6', '-5.5', '0')",3-1,-186551.37009991443,27521.819760017275,-9742.090974372828,109411.28696110958,-25106.021775964637,55201.545888508015,109411.28696110958,55201.545888508015,-169592.1511250539,25019.835604095497,-8856.446148380637,99464.80422354155,-22823.655665278435,50183.22245911712,99464.80422354155,50183.22245911712,-142658.6466757285,20061.810597492808,-4852.778804315185,81781.45922652571,-16897.94915806732,40631.76621347164,81781.45922652571,40631.76621347164
"('7', '-5.5', '0')",3-1,-264012.1104349749,-16385.943067653458,-180690.8684795088,0.0,-46573.270070563805,0.0,180690.8684795088,0.0,-240011.00453352055,-14896.3115568161,-164264.42247418044,0.0,-42339.335510104895,0.0,164264.42247418044,0.0,-202553.32610210983,-11783.735021148725,-137605.31658943216,0.0,-34846.3036813338,0.0,137605.31658943216,0.0
"('8', '-5.5', '0')",3-1,-342145.4781905489,-48193.561543895674,-445554.00279745576,0.0,-95234.25265993032,0.0,445554.00279745576,0.0,-311041.3374030516,-43812.32772666216,-405049.0851097375,0.0,-86576.59153703769,0.0,405049.0851097375,0.0,-262968.72522934026,-34857.621912748,-342592.0459033902,0.0,-72940.60044611964,0.0,342592.0459033902,0.0
"('0', '-6.5', '0')",3-1,360991.50512026553,-51569.76576063286,-398752.1306451367,0.0,-86126.13524456894,0.0,398752.1306451367,0.0,328174.0887879904,-46881.60422080755,-362501.9295362503,0.0,-78296.48497705297,0.0,362501.9295362503,0.0,276751.729743627,-37401.98769599301,-308762.70026236074,0.0,-66374.73206806937,0.0,308762.70026236074,0.0
"('1', '-6.5', '0')",3-1,243972.01002712589,-18167.892715293543,-171306.72620431046,0.0,-49117.96510009932,2741.417088724213,171306.72620431046,2741.417088724213,221792.7318327029,-16516.265746831894,-155733.3842315813,0.0,-44652.69457772374,2492.1972993687255,155733.3842315813,2492.1972993687255,188055.19048424225,-13123.889697812572,-130920.81561164878,0.0,-36775.56311364364,295.6081884651103,130920.81561164878,295.6081884651103
"('2', '-6.5', '0')",3-1,182848.21176840735,23597.239411367304,-5044.260613761187,92919.92756407414,-25127.25099276181,49115.880241417566,92919.92756407414,49115.880241417566,166225.64362615376,21452.035364820425,-4585.691367663443,84472.65964460821,-22842.954940753807,44650.79925169051,84472.65964460821,44650.79925169051,140030.63444531057,17216.52355520386,-1478.9666901677756,69862.38548493088,-17302.01267205039,36148.9974085839,69862.38548493088,36148.9974085839
"('3', '-6.5', '0')",3-1,114368.96642527929,39254.51371046935,0.0,200409.09319414035,-1832.6475104327,62057.988946043486,200409.09319414035,62057.988946043486,103971.78548890408,35685.92078150064,0.0,182190.08095052835,-1666.043155191942,56416.352403491954,182190.08095052835,56416.352403491954,86691.286860699,28560.27355760173,0.0,153287.0784649076,0.0,46726.227608753965,153287.0784649076,46726.227608753965
"('4', '-6.5', '0')",3-1,-51048.44429847192,44416.57568594332,0.0,232681.20549630132,0.0,55509.14398177496,232681.20549630132,55509.14398177496,-46407.6756291152,40378.704293854535,0.0,211528.36426890956,0.0,50462.8571217868,211528.36426890956,50462.8571217868,-37129.6741543772,32298.00030925449,0.0,178572.63107697442,0.0,42411.49953894098,178572.63107697442,42411.49953894098
"('5', '-6.5', '0')",3-1,-116741.4030030016,39276.297082697725,0.0,198547.55470219103,-1854.0064322413916,64342.90942843193,198547.55470219103,64342.90942843193,-106128.54596735963,35705.72384673357,0.0,180497.77326725415,-1685.4603564153508,58493.5527970048,180497.77326725415,58493.5527970048,-88423.31689572046,28571.304748357503,0.0,151935.35259727068,0.0,48385.07607407754,151935.35259727068,48385.07607407754
"('6', '-6.5', '0')",3-1,-185381.292210002,23101.12102059963,-8944.813835297346,92972.71561608532,-25596.12176712976,50885.358135915325,92972.71561608532,50885.358135915325,-168528.44397769152,21001.01865571624,-8131.6487649306655,84520.64878176003,-23269.2010900315,46259.41549665368,84520.64878176003,46259.41549665368,-141876.09927723266,16848.599284994638,-4320.641435932073,69896.14103566609,-17205.13883686263,37483.93982628478,69896.14103566609,37483.93982628478
"('7', '-6.5', '0')",3-1,-247393.238541069,-18421.35823027644,-173473.01746155135,0.0,-48318.48504243539,2684.8639622654623,173473.01746155135,2684.8639622654623,-224902.93950523928,-16746.6889372766,-157702.73987729748,0.0,-43925.89454105496,2440.7853673387294,157702.73987729748,2440.7853673387294,-190527.88491352732,-13308.652930041326,-132497.9554383051,0.0,-36198.82904703415,246.47978318420064,132497.9554383051,246.47978318420064
"('8', '-6.5', '0')",3-1,-375773.3503297234,-52556.19561203082,-397547.5144946442,0.0,-86163.71780848187,0.0,397547.5144946442,0.0,-341612.129596236,-47778.35861173272,-361406.8239686293,0.0,-78330.650943506,0.0,361406.8239686293,0.0,-287455.2027461155,-38108.87022323543,-307872.0765429032,0.0,-66400.30662878448,0.0,307872.0765429032,0.0
"('0', '-7.5', '0')",3-1,284551.3035001859,-49260.75587941493,-369628.81547839934,0.0,-79591.15249288971,0.0,369628.81547839934,0.0,258682.99791268003,-44782.504374288015,-336026.18905262835,0.0,-72355.59169608478,0.0,336026.18905262835,0.0,221141.974954987,-35765.89499961048,-287679.92902688053,0.0,-61650.10196095175,0.0,287679.92902688053,0.0
"('1', '-7.5', '0')",3-1,213747.760481063,29372.624405061935,-160442.8541051681,0.0,-49477.33915253784,0.0,160442.8541051681,0.0,194316.14193268376,26702.385245727695,-145857.13708553405,0.0,-44979.398254677646,0.0,145857.13708553405,0.0,166091.39029469766,21428.04195353569,-123109.74267150227,0.0,-37087.55398629872,0.0,123109.74267150227,0.0
"('2', '-7.5', '0')",3-1,162401.60749767,45734.3804304923,-14061.94379416795,76444.7687445678,-36439.79142901796,33849.83990530565,76444.7687445678,33849.83990530565,147637.8219657447,41576.708582219595,-12783.584990348669,69495.24286201918,-33127.08239927888,30772.581065118316,69495.24286201918,30772.581065118316,125195.9638307275,33302.363423400966,-8073.23911632202,57910.050955351995,-25991.087188631034,25026.71793713948,57910.050955351995,25026.71793713948
"('3', '-7.5', '0')",3-1,98735.88114922737,60721.43640215328,0.0,184896.21610474944,-2854.721175611979,37789.7923782888,184896.21610474944,37789.7923782888,89759.89009208827,55201.30462420913,0.0,168087.4657228897,-2595.201012488696,34354.35596292466,168087.4657228897,34354.35596292466,75349.12015025587,44172.871109115455,0.0,142078.63229694078,-644.1456941034372,28858.19894799187,142078.63229694078,28858.19894799187
"('4', '-7.5', '0')",3-1,-35328.362115541175,65328.602044904655,0.0,217623.87715075168,0.0,31216.709708572205,217623.87715075168,31216.709708572205,-32116.692136199603,59389.636935701375,0.0,197839.88425340812,0.0,28378.82639269841,197839.88425340812,28378.82639269841,-25690.88480795204,47507.39841177936,0.0,167686.94254480425,0.0,24441.9205621307,167686.94254480425,24441.9205621307
"('5', '-7.5', '0')",3-1,-98157.75671617687,61560.78776018662,0.0,183700.50885302137,-3015.047508902044,39640.52541437286,183700.50885302137,39640.52541437286,-89234.32243707009,55964.35129679176,0.0,167000.45915396983,-2740.9522214115004,36036.84054309877,167000.45915396983,36036.84054309877,-74925.26225480036,44769.35451037603,0.0,141218.8746448347,-741.7445532789316,30394.63475147077,141218.8746448347,30394.63475147077
"('6', '-7.5', '0')",3-1,-162436.59955394734,47048.27299910986,-12005.220976229975,74690.66923008164,-36898.93987038708,35026.09278471237,74690.66923008164,35026.09278471237,-147669.63292530735,42771.15634598296,-10913.837014567109,67900.60697432184,-33544.49006420374,31841.90184140205,67900.60697432184,31841.90184140205,-125222.85291558351,34233.65849288851,-6573.7989309683935,56641.23750917162,-26323.30398949304,25887.137407515336,56641.23750917162,25887.137407515336
"('7', '-7.5', '0')",3-1,-216223.68855981427,29574.88764202124,-162093.48341722612,0.0,-49560.9094223178,0.0,162093.48341722612,0.0,-196566.9855918537,26886.260911705296,-147357.70915488095,0.0,-45055.37122555822,0.0,147357.70915488095,0.0,-167902.78788631066,21562.88176123,-124303.26710290066,0.0,-37142.00293502472,0.0,124303.26710290066,0.0
"('8', '-7.5', '0')",3-1,-291369.15573845466,-49978.35109041008,-369994.3437479611,0.0,-79990.97298253908,0.0,369994.3437479611,0.0,-264881.04526767624,-45434.86364287138,-336358.4874723005,0.0,-72719.06486061525,0.0,336358.4874723005,0.0,-226123.0817575185,-36266.39490224536,-287954.8178972096,0.0,-61938.82429299314,0.0,287954.8178972096,0.0
"('0', '-8.5', '0')",3-1,258564.22674775845,-39491.46390488861,-359516.4580506606,0.0,-77730.56394916358,0.0,359516.4580506606,0.0,235058.3831949729,-35901.33004448563,-326833.1370462144,0.0,-70664.14760258154,0.0,326833.1370462144,0.0,202238.30702620203,-28673.903607598055,-280393.87499165564,0.0,-60320.7701885325,0.0,280393.87499165564,0.0
"('1', '-8.5', '0')",3-1,199618.10058812195,17924.697857775405,-150487.05729021953,0.0,-44627.29742952557,0.0,150487.05729021953,0.0,181470.99685397503,16295.17951834918,-136806.41290599533,0.0,-40570.26951114088,0.0,136806.41290599533,0.0,155831.47445642852,13067.85535234478,-115919.09101960625,0.0,-33618.62263595799,0.0,115919.09101960625,0.0
"('2', '-8.5', '0')",3-1,149141.0108676527,15828.579936727649,-12752.75498829948,60276.086281244825,-39437.109704850125,27869.90551708656,60276.086281244825,27869.90551708656,135582.7343818719,14389.61781323384,-11593.413374446332,54796.4409498036,-35851.91713643074,25336.277206863106,54796.4409498036,25336.277206863106,115576.90110165632,11519.2934230087,-7139.837394782975,46494.55697910684,-28206.92331262793,20806.528072331457,46494.55697910684,20806.528072331457
"('3', '-8.5', '0')",3-1,87730.0375978552,27428.699897534865,0.0,169505.38797647617,-11231.3423904397,33467.69924059571,169505.38797647617,33467.69924059571,79754.57798975492,24935.181185255635,0.0,154095.80409264145,-10210.311042733558,30425.180507269408,154095.80409264145,30425.180507269408,67363.38380645271,19939.84644176393,0.0,130935.0531110693,-6383.391208490079,25951.901158113964,130935.0531110693,25951.901158113964
"('4', '-8.5', '0')",3-1,-25978.28749153998,31966.20791837168,0.0,206149.3840709912,-7684.612286836124,21550.59263084849,206149.3840709912,21550.59263084849,-23616.62448043252,29060.188387450937,0.0,187408.52713513988,-6986.011018433312,19591.44746859144,187408.52713513988,19591.44746859144,-18884.915630305608,23232.79443318548,0.0,159390.45050924903,-3858.5414948419993,17619.180723663634,159390.45050924903,17619.180723663634
"('5', '-8.5', '0')",3-1,-87730.43952101728,27615.21879859092,0.0,167609.3480925039,-11076.016071392614,32486.205124261265,167609.3480925039,32486.205124261265,-79754.94337443981,25104.74381890415,0.0,152372.13153491434,-10069.105301205853,29532.91314812294,152372.13153491434,29532.91314812294,-67350.09294195156,20072.746968222677,0.0,129586.99677804332,-6547.628608313748,25245.553602949283,129586.99677804332,25245.553602949283
"('6', '-8.5', '0')",3-1,-149338.58048039678,15895.820624370706,-11827.920807005434,58644.282776633794,-40391.60544386543,28821.255768933803,58644.282776633794,28821.255768933803,-135762.34311683723,14450.745709766255,-10752.65504603833,53312.98324323296,-36719.64051672816,26201.14105343336,53312.98324323296,26201.14105343336,-115719.62780756998,11564.132270219052,-6452.79170369736,45031.77044979004,-28886.06446844796,21513.456718659618,45031.77044979004,21513.456718659618
"('7', '-8.5', '0')",3-1,-201072.49397379125,18179.937282128976,-151055.65066023762,0.0,-44562.76186390238,0.0,151055.65066023762,0.0,-182793.1726304716,16527.21535364137,-137323.31595844455,0.0,-40511.60081639141,0.0,137323.31595844455,0.0,-156925.161965294,13253.241960986332,-116323.93352995244,0.0,-33699.05653387806,0.0,116323.93352995244,0.0
"('8', '-8.5', '0')",3-1,-263341.77044383495,-39807.82684422049,-359777.7216596978,0.0,-77963.16114640988,0.0,359777.7216596978,0.0,-239401.60464272383,-36188.93271037191,-327070.6494129184,0.0,-70875.59959549506,0.0,327070.6494129184,0.0,-205803.7714890609,-28897.97268352124,-280623.1628402648,0.0,-60495.75608788594,0.0,280623.1628402648,0.0
"('0', '-9.5', '0')",3-1,277833.94890991616,40994.826447641135,-370795.73765361,0.0,-81093.11569877763,0.0,370795.73765361,0.0,252576.31205304217,37268.02323554747,-337087.0273721895,0.0,-73721.0127632469,0.0,337087.0273721895,0.0,216308.5444882072,29855.335727243822,-288651.34417293203,0.0,-62774.73025913436,0.0,288651.34417293203,0.0
"('1', '-9.5', '0')",3-1,210020.28967129416,19992.416111202238,-159902.7159033776,0.0,-47693.56153683924,0.0,159902.7159033776,0.0,190927.53217888996,18174.923343838276,-145366.1023695196,0.0,-43357.78230602757,0.0,145366.1023695196,0.0,163427.5635055159,14555.90299375281,-122829.20735767116,0.0,-35998.850047358,0.0,122829.20735767116,0.0
"('2', '-9.5', '0')",3-1,156816.53178559846,-26379.0002429866,-6412.432050673365,73427.85280465095,-31275.851290905142,33997.903761489644,73427.85280465095,33997.903761489644,142560.4805196126,-23980.90879203379,-5829.483556079678,66752.59206827838,-28432.59146638121,30907.184579882716,66752.59206827838,30907.184579882716,121172.75933348273,-19188.63124869632,-2580.5858981665806,55798.67042332384,-22281.31273585042,25247.9455052734,55798.67042332384,25247.9455052734
"('3', '-9.5', '0')",3-1,94602.55503736172,-37392.038215930654,0.0,181374.34801113547,-12834.995481718335,44075.288141655794,181374.34801113547,44075.288141655794,86002.32098117677,-33992.76127770916,0.0,164885.7675274309,-11668.177457752096,40068.44293426599,164885.7675274309,40068.44293426599,72366.79381540195,-27202.731956159605,0.0,139636.19777402075,-7770.301967883754,33647.721699987414,139636.19777402075,33647.721699987414
"('4', '-9.5', '0')",3-1,-31950.995742927065,-41480.89580973533,0.0,214508.86934016127,-10396.31504064278,36025.47315993923,214508.86934016127,36025.47315993923,-29046.35913673445,-37709.90446423739,0.0,195008.0590335504,-9451.195286644295,32750.429481535662,195008.0590335504,32750.429481535662,-23231.5272940844,-30175.425671383997,0.0,165495.63225258916,-5840.97823965017,28140.38141354236,165495.63225258916,28140.38141354236
"('5', '-9.5', '0')",3-1,-94744.87152854248,-36923.371655055824,0.0,179583.1574205475,-13176.76283718542,43985.64874523746,179583.1574205475,43985.64874523746,-86131.6996067187,-33566.70077705756,0.0,163257.41248037183,-11978.875046897074,39986.95253806748,163257.41248037183,39986.95253806748,-72462.25291171564,-26853.956384754616,0.0,138344.10774598122,-7979.5620613495375,33411.54113571155,138344.10774598122,33411.54113571155
"('6', '-9.5', '0')",3-1,-157195.9355879078,-25994.297751657472,-5922.461967642549,78950.81277143948,-31857.096447703243,35487.48455613829,78950.81277143948,35487.48455613829,-142905.39305969077,-23631.17926204205,-5384.056217524223,71773.46465653437,-28960.996142926622,32261.348909303488,71773.46465653437,32261.348909303488,-121451.10547127854,-18894.17847322232,-2212.07564487026,59828.89110510453,-22695.96329510689,26339.350173231847,59828.89110510453,26339.350173231847
"('7', '-9.5', '0')",3-1,-211724.45851101688,20422.645661986324,-161510.73376008132,0.0,-47930.782997020986,0.0,161510.73376008132,0.0,-192476.77654505888,18566.04110880111,-146827.93675302033,0.0,-43573.43817424585,0.0,146827.93675302033,0.0,-164691.139919962,14877.823342338424,-123991.53704710973,0.0,-36164.33646742525,0.0,123991.53704710973,0.0
"('8', '-9.5', '0')",3-1,-283521.1388046628,41223.22639475122,-373056.1728807501,0.0,-81026.40407338685,0.0,373056.1728807501,0.0,-257746.48457256955,37475.659546601695,-339141.96844323183,0.0,-73660.36583238794,0.0,339141.96844323183,0.0,-220497.61921465007,30010.077114998203,-290323.42197333777,0.0,-62729.126918687325,0.0,290323.42197333777,0.0
"('0', '-10.5', '0')",3-1,345690.5931211842,41654.630984518815,-396580.4357346594,0.0,-84556.74690919468,0.0,396580.4357346594,0.0,314264.1690891583,37867.84552879911,-360527.6614828202,0.0,-76869.76834074938,0.0,360527.6614828202,0.0,265695.5680604658,30321.750350987462,-307436.168922928,0.0,-65297.64483931292,0.0,307436.168922928,0.0
"('1', '-10.5', '0')",3-1,238527.69445346872,20638.776137958288,-174710.70878632803,0.0,-50717.28915869232,0.0,174710.70878632803,0.0,216843.35414595905,18762.523355194517,-158827.91378945453,0.0,-46106.625539030974,0.0,158827.91378945453,0.0,184177.0081438064,15031.329640670836,-133605.58893841406,0.0,-38196.02115538383,0.0,133605.58893841406,0.0
"('2', '-10.5', '0')",3-1,178896.3766150339,-17411.02338883373,-12582.043389479277,100608.90757355216,-25457.83832144245,44810.87323905512,100608.90757355216,44810.87323905512,162633.06629287577,-15828.20273769088,-11438.220959102511,91462.64132217824,-23143.48888150789,40737.15661846465,91462.64132217824,40737.15661846465,137235.38792388295,-12647.153833668252,-6791.297625012019,75563.5170298955,-18097.377266691215,33096.59722051447,75563.5170298955,33096.59722051447
"('3', '-10.5', '0')",3-1,112724.40656819494,-28002.38749944076,0.0,201571.9031245308,-9016.798949947091,57737.82418755752,201571.9031245308,57737.82418755752,102476.73110657578,-25456.715356823057,0.0,183247.18086857133,-8197.089776830222,52488.92997863775,183247.18086857133,52488.92997863775,85546.40970359226,-20352.298538133775,0.0,154333.06167237816,-5072.554704013921,43562.562203767855,154333.06167237816,43562.562203767855
"('4', '-10.5', '0')",3-1,-49024.86074513613,-32243.146125825384,0.0,232649.22279568727,-7625.755791786723,49190.77918324847,232649.22279568727,49190.77918324847,-44568.05425686448,-29311.95038815821,0.0,211499.2890901357,-6932.505115002657,44718.889242532176,211499.2890901357,44718.889242532176,-35652.52781087081,-23435.470057385846,0.0,178704.5829576944,-3845.399855754649,37692.88470393968,178704.5829576944,37692.88470393968
"('5', '-10.5', '0')",3-1,-113967.91208979792,-27677.330281186056,0.0,199932.9094193179,-9132.765664202238,58732.39018672926,199932.9094193179,58732.39018672926,-103607.19064716736,-25161.208801178265,0.0,181757.18662339976,-8302.51406023171,53393.08086737877,181757.18662339976,53393.08086737877,-86448.90900386508,-20111.236099865542,0.0,153148.84541801404,-5162.137416274278,44288.24455036628,153148.84541801404,44288.24455036628
"('6', '-10.5', '0')",3-1,-180106.6957483419,-17261.444652159404,-14969.968099530166,97921.93268378456,-25920.19318144002,42672.4648398557,97921.93268378456,42672.4648398557,-163733.3563902167,-15692.222070934253,-13609.061557551624,89019.9369298792,-23563.811472395435,38793.149024964034,89019.9369298792,38793.149024964034,-138119.3573309926,-12531.153927439427,-8521.722667245818,73615.33513810413,-18435.289632998607,31539.47103248176,73615.33513810413,31539.47103248176
"('7', '-10.5', '0')",3-1,-240371.12115730956,20911.617159240664,-176673.99387947947,0.0,-51482.18431039112,0.0,176673.99387947947,0.0,-218519.1965676733,19010.560641893328,-160612.7183809076,0.0,-46801.984752776574,0.0,160612.7183809076,0.0,-185525.17314364543,15230.732084534877,-135030.51934324848,0.0,-38751.82155538815,0.0,135030.51934324848,0.0
"('8', '-10.5', '0')",3-1,-360124.5743535961,41727.183195027545,-397115.6448322864,0.0,-84439.99094628547,0.0,397115.6448322864,0.0,-327385.96992512536,37933.802082377486,-361014.21519738977,0.0,-76763.62655858704,0.0,361014.21519738977,0.0,-276200.72431820515,30364.81964167832,-307836.8979950912,0.0,-65214.74095707165,0.0,307836.8979950912,0.0
"('0', '-11.5', '0')",3-1,355863.5897093356,41644.572127455045,-435039.52866587066,0.0,-92460.6949587707,0.0,435039.52866587066,0.0,323512.34760420234,37858.7011134848,-395490.4724799833,0.0,-84055.17550261048,0.0,395490.4724799833,0.0,273070.3522015085,30305.58824314405,-335419.87165239686,0.0,-71045.65014144962,0.0,335419.87165239686,0.0
"('1', '-11.5', '0')",3-1,257770.4987965312,21521.029198611766,-191456.55135309865,0.0,-55308.77776924565,0.0,191456.55135309865,0.0,234336.8122598336,19564.571574881324,-174051.40670198848,0.0,-50280.706003700776,0.0,174051.40670198848,0.0,198163.5857306424,15687.701095969369,-145802.1372649419,0.0,-41550.12050285165,0.0,145802.1372649419,0.0
"('2', '-11.5', '0')",3-1,190690.60482503253,-7445.531996466528,-17877.502880689637,111434.78805662382,-27096.513857867158,42953.30344339745,111434.78805662382,42953.30344339745,173355.09170557075,-6768.665304626337,-16252.27499382291,101304.35063868652,-24633.193882332765,39048.45684033666,101304.35063868652,39048.45684033666,145813.1133555829,-5378.310338364656,-10918.52691915715,83436.48851104052,-19320.480282979566,31721.30127120981,83436.48851104052,31721.30127120981
"('3', '-11.5', '0')",3-1,118533.02415539356,-16680.733357117464,0.0,223434.91761685503,-4263.297254206592,56833.8978419962,223434.91761685503,56833.8978419962,107757.29243488213,-15164.302723247558,0.0,203122.64815781472,-3875.724692547377,51667.1787724849,203122.64815781472,51667.1787724849,89771.36269638025,-12098.919086378592,0.0,170244.86696166053,-1725.4711923728198,42870.55430176371,170244.86696166053,42870.55430176371
"('4', '-11.5', '0')",3-1,-49738.8457417029,-19411.1986230883,0.0,252055.0642875008,-3289.1369377905303,48652.659827274525,252055.0642875008,48652.659827274525,-45217.13151240225,-17646.54382032901,0.0,229140.96279100643,-2990.1244240912806,44229.68983780937,229140.96279100643,44229.68983780937,-36173.29887497629,-14088.395687989792,0.0,192831.05304576096,-730.9250773797864,37255.11496588436,192831.05304576096,37255.11496588436
"('5', '-11.5', '0')",3-1,-119112.34173507484,-17153.12679066624,0.0,221270.9285721862,-4311.90776965304,57686.66056085169,221270.9285721862,57686.66056085169,-108283.94476863203,-15593.751289892942,0.0,201155.38543257324,-3919.916069268144,52442.4175910052,201155.38543257324,52442.4175910052,-90192.76418191144,-12440.767682659403,0.0,168674.90987413,-1763.0136730616132,43490.911240172434,168674.90987413,43490.911240172434
"('6', '-11.5', '0')",3-1,-191082.41680472807,-8269.783619359616,-17682.494349695146,109602.98843077506,-27384.461777507597,43435.444454932025,109602.98843077506,43435.444454932025,-173711.2844066646,-7517.984945560805,-16074.9945149431,99639.07828764508,-24894.9647126958,39486.76684132252,99639.07828764508,39486.76684132252,-146099.6714905148,-5976.278766091356,-10774.12327251954,82105.9994598038,-19531.71007517161,32069.285740470117,82105.9994598038,32069.285740470117
"('7', '-11.5', '0')",3-1,-260340.33710406904,21807.014961708264,-193617.7696292952,0.0,-56237.75203378445,0.0,193617.7696292952,0.0,-236673.02885241367,19824.55862660671,-176016.15054685524,0.0,-51125.2280440679,0.0,176016.15054685524,0.0,-200034.1200276189,15893.77748081836,-147373.35115661082,0.0,-42226.16480496219,0.0,147373.35115661082,0.0
"('8', '-11.5', '0')",3-1,-364063.8302163246,41776.04716919374,-437683.62590482313,0.0,-92942.15407605753,0.0,437683.62590482313,0.0,-330967.1115398875,37978.22387611121,-397894.1971905679,0.0,-84492.86559974821,0.0,397894.1971905679,0.0,-279034.3769911244,30397.493128312,-337346.30460523645,0.0,-71396.37851281365,0.0,337346.30460523645,0.0
"('0', '-12.5', '0')",3-1,402656.24535236973,42042.70265102164,-477985.5185650569,0.0,-101254.21802831467,0.0,477985.5185650569,0.0,366051.1245386162,38220.63794580745,-434532.2806325552,0.0,-92049.28721093747,0.0,434532.2806325552,0.0,307073.60723600304,30650.058051895398,-366675.6681244559,0.0,-77459.05060175498,0.0,366675.6681244559,0.0
"('1', '-12.5', '0')",3-1,290193.27861990035,21586.08748774029,-210303.32333553617,0.0,-59657.2775220721,0.0,210303.32333553617,0.0,263812.06600521354,19623.715473180662,-191184.83540602136,0.0,-54233.88751209687,0.0,191184.83540602136,0.0,221732.1347119128,15760.45368677117,-159561.06009577782,0.0,-44759.45862659105,0.0,159561.06009577782,0.0
"('2', '-12.5', '0')",3-1,212769.4130854788,-32911.84982061329,-22449.516414886984,125853.35233737422,-27192.055080395145,48140.498053658885,125853.35233737422,48140.498053658885,193426.7351433973,-29919.86282478925,-20408.650843915297,114412.13606437172,-24720.04953729385,43764.08820134832,114412.13606437172,43764.08820134832,161875.9810624554,-23870.824594527363,-14269.084243900548,93935.24586996112,-19458.97330058548,35459.59481167592,93935.24586996112,35459.59481167592
"('3', '-12.5', '0')",3-1,133595.60149608573,-44247.10836159164,0.0,250920.2676703116,0.0,66326.49430869728,250920.2676703116,66326.49430869728,121450.5442660238,-40224.643093237646,0.0,228109.32948289084,0.0,60296.81173604269,228109.32948289084,60296.81173604269,100737.68639842878,-32137.99295687717,0.0,190256.94381154867,0.0,49721.846195571976,190256.94381154867,49721.846195571976
"('4', '-12.5', '0')",3-1,-58547.58773986732,-47947.80120153686,0.0,279743.2832883967,0.0,58773.25887689041,279743.2832883967,58773.25887689041,-53225.07860989322,-43588.90923845116,0.0,254312.0704278004,0.0,53430.23422794315,254312.0704278004,53430.23422794315,-42580.11990440081,-34831.384631646615,0.0,212984.5446684568,0.0,44552.86475448567,212984.5446684568,44552.86475448567
"('5', '-12.5', '0')",3-1,-134075.38934090364,-44095.2346232207,0.0,247505.4110582247,0.0,67522.2158714015,247505.4110582247,67522.2158714015,-121886.71502458632,-40086.5760613475,0.0,225004.9144482801,0.0,61383.83131494055,225004.9144482801,61383.83131494055,-101086.88726715796,-32027.225752461374,0.0,187774.7722219741,0.0,50591.22603677079,187774.7722219741,50591.22603677079
"('6', '-12.5', '0')",3-1,-213049.2137301184,-32941.64428746849,-22410.598688610797,123763.61019796957,-27440.19790092232,49069.14553408056,123763.61019796957,49069.14553408056,-193681.09936028376,-29946.94870316144,-20373.27109352197,112512.3705242711,-24945.633914701877,44608.313165251755,112512.3705242711,44608.313165251755,-162079.88624533164,-23892.595873606955,-14239.982148543806,92415.78424205283,-19640.31146557341,36133.65666468914,92415.78424205283,36133.65666468914
"('7', '-12.5', '0')",3-1,-292557.7955906049,21947.240696745783,-212829.62410628083,0.0,-60506.12403021053,0.0,212829.62410628083,0.0,-265961.62684108166,19952.036565160408,-193481.47242055644,0.0,-55005.566139133385,0.0,193481.47242055644,0.0,-223451.91460339664,16022.224288714337,-161398.3098054458,0.0,-45377.00269059485,0.0,161398.3098054458,0.0
"('8', '-12.5', '0')",3-1,-412400.9787585016,42328.6059930043,-481463.6348414146,0.0,-101008.09117783033,0.0,481463.6348414146,0.0,-374909.9728976349,38480.55006924914,-437694.20445162023,0.0,-91825.53553352867,0.0,437694.20445162023,0.0,-314160.25566670217,30856.57545462745,-369205.9471115802,0.0,-77280.1371534264,0.0,369205.9471115802,0.0
"('0', '-13.5', '0')",3-1,502036.73862461833,39322.37467208838,-523118.8559046784,0.0,-105922.65791478762,0.0,523118.8559046784,0.0,456397.0255520815,35747.612564077855,-475562.5864166028,0.0,-96293.32337905714,0.0,475562.5864166028,0.0,379229.0937390285,28702.32442838768,-399606.45834057,0.0,-80856.37792438494,0.0,399606.45834057,0.0
"('1', '-13.5', '0')",3-1,331929.07958044525,24628.637682443536,-229441.6289018784,0.0,-64420.691393737885,0.0,229441.6289018784,0.0,301753.7024187213,22389.670138177225,-208583.29463579773,0.0,-58564.263667045554,0.0,208583.29463579773,0.0,252063.54700627137,18099.82199079976,-173580.89703714964,0.0,-48338.436002731534,0.0,173580.89703714964,0.0
"('2', '-13.5', '0')",3-1,247226.5668173493,-13894.951337996648,-24450.57736829307,139572.89771149892,-25936.25939216288,58494.0885998004,139572.89771149892,58494.0885998004,224751.41967512263,-12631.773669846996,-22227.797125764628,126884.44977099865,-23578.417118190555,53176.44303802285,126884.44977099865,53176.44303802285,186953.9892991075,-10078.535254107375,-15747.811783070449,103955.10467725642,-18659.93052170678,42932.3230545,103955.10467725642,42932.3230545
"('3', '-13.5', '0')",3-1,159457.42820416347,-24001.30016986688,0.0,276821.410717134,0.0,79292.04597464153,276821.410717134,79292.04597464153,144961.29530869087,-21819.36331786611,0.0,251655.8226514364,0.0,72083.67663007091,251655.8226514364,72083.67663007091,119537.63280325876,-17411.495880400187,0.0,209133.25995389264,0.0,59081.24245749036,209133.25995389264,59081.24245749036
"('4', '-13.5', '0')",3-1,-79963.86194882938,-26687.295200678127,0.0,307572.6407076793,0.0,73850.12151686188,307572.6407076793,73850.12151686188,-72694.41837787216,-24261.176929315086,0.0,279611.48571478686,0.0,67136.47269306597,279611.48571478686,67136.47269306597,-58155.6191728765,-19341.974829944276,0.0,233246.4744676084,0.0,55435.46084316521,233246.4744676084,55435.46084316521
"('5', '-13.5', '0')",3-1,-161494.934566184,-23798.5557692628,0.0,274247.11502070364,0.0,79166.21251569889,274247.11502070364,79166.21251569889,-146813.57377947157,-21635.05023040273,0.0,249315.55388722365,0.0,71969.28257896611,249315.55388722365,71969.28257896611,-121019.6113840875,-17264.09831808022,0.0,207261.38987473,0.0,58989.57761750564,207261.38987473,58989.57761750564
"('6', '-13.5', '0')",3-1,-249018.1875792548,-13920.802990322376,-24222.362996639447,137133.37491563702,-26248.351016894478,58402.79770289763,137133.37491563702,58402.79770289763,-226380.1657870073,-12655.275171451913,-22020.329519667168,124666.70182282892,-23862.136770888,53093.45131536457,124666.70182282892,53093.45131536457,-188257.07302243277,-10097.544177855068,-15581.676072149645,102180.90906442337,-18887.23201370451,42865.44505749717,102180.90906442337,42865.44505749717
"('7', '-13.5', '0')",3-1,-334111.2125689713,24886.60669922018,-232138.4472089746,0.0,-65147.10108185717,0.0,232138.4472089746,0.0,-303737.45963802096,22624.18742107297,-211034.94758911064,0.0,-59224.63609647715,0.0,211034.94758911064,0.0,-253650.42317069764,18287.051129922907,-175542.24524552186,0.0,-48866.82420955935,0.0,175542.24524552186,0.0
"('8', '-13.5', '0')",3-1,-527079.6331686032,39350.48074180715,-522659.5433183322,0.0,-105381.39777993136,0.0,522659.5433183322,0.0,-479163.292825895,35773.16353599566,-475145.0295289748,0.0,-95801.26872167099,0.0,475145.0295289748,0.0,-397441.6610641556,28722.383275789245,-399272.4561608413,0.0,-80462.72191872989,0.0,399272.4561608413,0.0
"('0', '-14.5', '0')",3-1,488504.3392039784,57778.5615768765,-579044.6979730608,0.0,-129400.7106833074,0.0,579044.6979730608,0.0,444094.8445341749,52525.963944768075,-526404.259931383,0.0,-117637.00726041438,0.0,526404.259931383,0.0,369725.87239888,42744.96990741375,-440793.9674881685,0.0,-98361.83909789532,0.0,440793.9674881685,0.0
"('1', '-14.5', '0')",3-1,356439.9732069765,28901.228521903253,-245693.88284138864,0.0,-73300.12196554773,0.0,245693.88284138864,0.0,324036.3325119649,26273.843541350918,-223358.07062474417,0.0,-66636.4731060058,0.0,223358.07062474417,0.0,270243.6700540616,20918.750170000963,-185502.40633282985,0.0,-54988.49450711188,0.0,185502.40633282985,0.0
"('2', '-14.5', '0')",3-1,262924.9754269938,17291.899259803507,-25980.47273091281,146170.53250915185,-26763.502424372997,45669.57522276435,146170.53250915185,45669.57522276435,239022.69992236848,15719.908077283357,-23618.611061637494,132882.29945873347,-24330.45622208156,41517.79476628358,132882.29945873347,41517.79476628358,198534.03620962056,12508.96895473402,-16867.96258095088,108861.92311951114,-19359.247863603527,33616.41228793812,108861.92311951114,33616.41228793812
"('3', '-14.5', '0')",3-1,161775.66542674214,15598.572806539523,0.0,292881.90401190415,0.0,65001.72241754891,292881.90401190415,65001.72241754891,147068.78364630704,14180.52042978783,0.0,266256.2707857866,0.0,59092.47367664621,266256.2707857866,59092.47367664621,121212.28102687983,11470.18764894582,0.0,220910.857899776,0.0,48630.295231579934,220910.857899776,48630.295231579934
"('4', '-14.5', '0')",3-1,-74818.65287249257,14273.262113804967,0.0,326385.27761880134,0.0,58971.93468339334,326385.27761880134,58971.93468339334,-68016.95568258363,12975.692554530342,0.0,296713.88253582886,0.0,53610.84858840927,296713.88253582886,53610.84858840927,-54413.610856890526,10546.509400542416,0.0,246970.5600116268,0.0,44442.60159683312,246970.5600116268,44442.60159683312
"('5', '-14.5', '0')",3-1,-162628.54572314012,15195.538438904696,0.0,290730.25948196446,0.0,64934.52403353151,290730.25948196446,64934.52403353151,-147844.12935350006,13814.125558061198,0.0,264300.23034641927,0.0,59031.38423795447,264300.23034641927,59031.38423795447,-121832.62678932636,11177.006809319982,0.0,219346.06358686692,0.0,48581.361414216815,219346.06358686692,48581.361414216815
"('6', '-14.5', '0')",3-1,-263392.2430712272,17291.195271441793,-25316.522394561624,144496.73586118515,-27318.630090608836,45264.75866377649,144496.73586118515,45264.75866377649,-239447.4886806464,15719.268087877485,-23015.019859855267,131360.66617538064,-24835.11772590317,41149.77972063476,131360.66617538064,41149.77972063476,-198873.86560997876,12508.328893325745,-16385.09809316419,107644.56949181274,-19763.07371669713,33321.86510096932,107644.56949181274,33321.86510096932
"('7', '-14.5', '0')",3-1,-360240.4131834364,30742.591407611177,-248364.7926695238,0.0,-74326.0516516811,0.0,248364.7926695238,0.0,-327491.2778702264,27947.809764803154,-225786.17041587576,0.0,-67569.13643682121,0.0,225786.17041587576,0.0,-273007.5153975352,22257.79209667621,-187444.9131760488,0.0,-55734.655521184286,0.0,187444.9131760488,0.0
"('8', '-14.5', '0')",3-1,-502500.9094997912,57763.913135753966,-582401.0968103067,0.0,-130102.3341865186,0.0,582401.0968103067,0.0,-456818.9990727616,52512.64718039986,-529455.531535472,0.0,-118274.84679496342,0.0,529455.531535472,0.0,-379904.96444916487,42734.23899837543,-443234.8991118845,0.0,-98872.08860942125,0.0,443234.8991118845,0.0
"('0', '-15.5', '0')",3-1,569052.7662167645,-14344.748348244131,-642116.4466369038,0.0,-132850.34125033632,0.0,642116.4466369038,0.0,517320.68574762327,-13040.6800730272,-583742.2120231544,0.0,-120773.0349712841,0.0,583742.2120231544,0.0,431188.5838388029,-11935.987319896576,-487114.9767168132,0.0,-100535.11920948946,0.0,487114.9767168132,0.0
"('1', '-15.5', '0')",3-1,355230.79970725894,-15124.620738230078,-267626.7849343063,0.0,-67224.18073897433,0.0,267626.7849343063,0.0,322937.08389460016,-13749.654934761951,-243297.07209716423,0.0,-61112.890282572,0.0,243297.07209716423,0.0,269220.2520929971,-11695.101004488542,-201614.8841883891,0.0,-50178.78752568454,0.0,201614.8841883891,0.0
"('2', '-15.5', '0')",3-1,215296.3220642105,-10631.343494768076,-32300.59265557573,164252.56335856,-31137.817863066477,38533.618323430026,164252.56335856,38533.618323430026,195723.9250483644,-9664.85751303629,-29364.174504981143,149320.5089688658,-28307.10653470224,35030.56136850173,149320.5089688658,35030.56136850173,162667.0515789208,-7729.954881783447,-21644.569771013677,122221.38064027598,-22638.60482789356,28732.579461740934,122221.38064027598,28732.579461740934
"('3', '-15.5', '0')",3-1,130518.65063901171,11096.699609568852,0.0,320409.5165759428,0.0,47815.40141201524,320409.5165759428,47815.40141201524,118653.3162610132,10087.908517322154,0.0,291281.37258050404,0.0,43468.54582583784,291281.37258050404,43468.54582583784,97927.05327072114,-5482.71345271956,0.0,241267.6219751804,0.0,36040.84412769567,241267.6219751804,36040.84412769567
"('4', '-15.5', '0')",3-1,-59323.676229296274,11634.968336200269,0.0,354634.4170439557,0.0,35992.33721213479,354634.4170439557,35992.33721213479,-53930.61358499114,10577.24371274466,0.0,322394.91782365186,0.0,32720.305875933387,322394.91782365186,32720.305875933387,-43144.5138288942,-4386.415551626633,0.0,267729.9770363982,0.0,27339.646613977675,267729.9770363982,27339.646613977675
"('5', '-15.5', '0')",3-1,-130961.20400953092,11150.834000238032,0.0,316903.9447482002,0.0,48041.98294421898,316903.9447482002,48041.98294421898,-119055.63749821966,10137.121598682015,0.0,288094.48916981183,0.0,43674.529032467595,288094.48916981183,43674.529032467595,-98248.93830025382,-5278.7346944897545,0.0,238718.0897142528,0.0,36205.61132900106,238718.0897142528,36205.61132900106
"('6', '-15.5', '0')",3-1,-214984.27376285515,-10630.614935258269,-31689.40373241646,160542.83658464876,-32354.54226382791,38198.69001061626,160542.83658464876,38198.69001061626,-195440.2447805536,-9664.195186223544,-28808.548223242866,145948.03015658847,-29413.21960232919,34726.081090725005,145948.03015658847,34726.081090725005,-162440.09298140847,-7729.475758084783,-21200.09910398789,119523.35723653276,-23523.508521498585,28488.972060842425,119523.35723653276,28488.972060842425
"('7', '-15.5', '0')",3-1,-358938.8693811378,-16134.139532998992,-271267.13308355893,0.0,-67906.77638275792,0.0,271267.13308355893,0.0,-326308.0562523352,-14667.399273751213,-246606.47943384637,0.0,-61733.43176347086,0.0,246606.47943384637,0.0,-271916.9650799676,-12429.327226974929,-204262.41891028048,0.0,-50675.22886561246,0.0,204262.41891028048,0.0
"('8', '-15.5', '0')",3-1,-574716.7430160875,-14410.315261221082,-646268.5081713065,0.0,-132353.66837609973,0.0,646268.5081713065,0.0,-522469.75545358646,-13100.28635625977,-587516.8133362535,0.0,-120321.51418631,0.0,587516.8133362535,0.0,-435307.7324404017,-11983.662229564628,-490134.586321526,0.0,-100173.88564879098,0.0,490134.586321526,0.0
"('0', '-16.5', '0')",3-1,646173.590650856,-192837.26315854167,-660577.8421482424,0.0,-72218.60268230355,0.0,660577.8421482424,0.0,587430.5244472048,-175306.59924340283,-600525.2984430359,0.0,-65653.2737432691,0.0,600525.2984430359,0.0,480630.0050968028,-147502.46342845817,-498919.76821990096,0.0,-52751.43102745997,0.0,498919.76821990096,0.0
"('1', '-16.5', '0')",3-1,511855.1338786385,-63458.89572832841,-290899.20994591183,0.0,-32877.542536617904,19955.25573418551,290899.20994591183,19955.25573418551,465322.83915266977,-57689.90397664304,-264453.8216600454,0.0,-29888.67438546944,18141.141180830386,264453.8216600454,18141.141180830386,384014.57082063385,-47149.576467235536,-218961.3432176987,0.0,-23852.760844433047,14485.648658526956,218961.3432176987,14485.648658526956
"('2', '-16.5', '0')",3-1,451960.3077560714,-37662.555765255755,-37938.16592257793,191032.267253545,-33840.20202067699,61182.45442052456,191032.267253545,61182.45442052456,410872.9983712637,-34238.686317219865,-34489.24100026395,173665.69380861573,-30763.819331791117,55620.41193407244,173665.69380861573,55620.41193407244,338795.7789351203,-27175.34440780637,-26314.89151190724,142074.91614144377,-23860.78998621447,45880.487647991526,142074.91614144377,45880.487647991526
"('3', '-16.5', '0')",3-1,300311.5222568061,-34399.32198698363,0.0,363185.46555931977,0.0,51078.61072706296,363185.46555931977,51078.61072706296,273010.468980834,-31272.110219453112,0.0,330168.5980996371,0.0,46435.09967728395,330168.5980996371,46435.09967728395,223731.99780574,-24816.088030409504,0.0,273010.5183394124,0.0,38188.387276216505,273010.5183394124,38188.387276216505
"('4', '-16.5', '0')",3-1,-142826.12951973226,-28686.23475102308,0.0,396966.8359159044,0.0,25335.692145590176,396966.8359159044,25335.692145590176,-129841.93311278123,-26078.39466296881,0.0,360878.93415395456,0.0,23032.446915631488,360878.93415395456,23032.446915631488,-103873.55463006132,-20475.77954280916,0.0,298942.27026029205,0.0,18854.48448133471,298942.27026029205,18854.48448133471
"('5', '-16.5', '0')",3-1,-303549.9370692854,-33573.56451058973,0.0,358466.0061710612,0.0,50896.5101109987,358466.0061710612,50896.5101109987,-275954.4823829146,-30521.4216208203,0.0,325878.18056693976,0.0,46269.55366626817,325878.18056693976,46269.55366626817,-226087.21125292932,-24215.533980933444,0.0,269578.1558197277,0.0,38055.93754734037,269578.1558197277,38055.93754734037
"('6', '-16.5', '0')",3-1,-456518.3918425781,-37662.07764938874,-37547.12097207138,187466.4915575603,-27919.611141343696,63115.79200421168,187466.4915575603,63115.79200421168,-415016.71108736633,-34238.251666441094,-34133.74559841771,170424.0796097988,-25381.46411072996,57377.99151751167,170424.0796097988,57377.99151751167,-342110.7291866974,-27174.98594499131,-26030.52461534289,139481.59580287788,-26037.038798639805,47286.54680932798,139481.59580287788,47286.54680932798
"('7', '-16.5', '0')",3-1,-517939.1955033152,-68575.01503969729,-295283.36302905227,0.0,-32627.448813240724,20491.835227100142,295283.36302905227,20491.835227100142,-470853.80414613173,-62340.92143162485,-268439.4152856058,0.0,-29661.3164600544,18628.94071196104,268439.4152856058,18628.94071196104,-388439.31690677645,-50870.37209067043,-222149.82108619108,0.0,-23670.887446946566,14970.823106532082,222149.82108619108,14970.823106532082
"('8', '-16.5', '0')",3-1,-685036.1829289224,-191788.747607566,-656909.6140947187,0.0,-76556.75680520397,0.0,656909.6140947187,0.0,-622760.1530251524,-174353.40330863034,-597190.5457393841,0.0,-69597.05013315406,0.0,597190.5457393841,0.0,-508893.69246235513,-146739.86746029515,-496251.9263291183,0.0,-55906.45581431088,0.0,496251.9263291183,0.0
